"","Sample.Label","step_id","distance","distance_abs","Effort","in_vid","in_angle","Region.Label","Area","N_pop"
"1",1,1,4.07560859708239,4.08490518739511,40,TRUE,TRUE,"Sims",10000,1952
"2",1,1,3.66218558373948,3.67325083990859,40,TRUE,TRUE,"Sims",10000,1952
"3",1,1,2.16708702064889,2.21834506640753,40,TRUE,TRUE,"Sims",10000,1952
"4",1,3,3.60736608717435,3.67168576760676,40,TRUE,TRUE,"Sims",10000,1952
"5",1,3,3.82542538354877,3.91907884654748,40,TRUE,TRUE,"Sims",10000,1952
"6",1,4,3.74273281317532,3.76427636534059,40,TRUE,TRUE,"Sims",10000,1952
"7",1,5,3.16352113161154,3.21706770424819,40,TRUE,TRUE,"Sims",10000,1952
"8",1,5,1.31266752977915,1.31818362064574,40,TRUE,TRUE,"Sims",10000,1952
"9",1,5,4.09137765528093,4.11829376797118,40,TRUE,TRUE,"Sims",10000,1952
"10",1,6,2.6349769188941,2.64029391196463,40,TRUE,TRUE,"Sims",10000,1952
"11",1,6,3.47798844298606,3.49174206909735,40,TRUE,TRUE,"Sims",10000,1952
"12",1,7,3.73790857190744,3.79424085255691,40,TRUE,TRUE,"Sims",10000,1952
"13",1,7,4.87970719738385,4.90280032941898,40,TRUE,TRUE,"Sims",10000,1952
"14",1,8,4.03500419350831,4.10383089540139,40,TRUE,TRUE,"Sims",10000,1952
"15",1,8,3.21464624214107,3.22386257057044,40,TRUE,TRUE,"Sims",10000,1952
"16",1,8,1.86150692359148,2.06807415080668,40,TRUE,TRUE,"Sims",10000,1952
"17",1,8,3.64511979627795,3.7531251114869,40,TRUE,TRUE,"Sims",10000,1952
"18",1,9,2.43677979922853,2.4398786621519,40,TRUE,TRUE,"Sims",10000,1952
"19",1,10,4.34074179938725,4.34756745651768,40,TRUE,TRUE,"Sims",10000,1952
"20",1,10,4.93340403208595,5.00033354723947,40,TRUE,TRUE,"Sims",10000,1952
"21",1,11,3.03079931349396,3.11506426314177,40,TRUE,TRUE,"Sims",10000,1952
"22",1,11,3.68345957133171,3.77101538041854,40,TRUE,TRUE,"Sims",10000,1952
"23",1,11,3.04414472194273,3.10002194861978,40,TRUE,TRUE,"Sims",10000,1952
"24",1,14,4.79750260597291,4.80579313020544,40,TRUE,TRUE,"Sims",10000,1952
"25",1,16,3.40716017565099,3.45615480529932,40,TRUE,TRUE,"Sims",10000,1952
"26",1,16,1.153355665537,1.21494086450382,40,TRUE,TRUE,"Sims",10000,1952
"27",1,16,4.68935586119061,4.68962406860002,40,TRUE,TRUE,"Sims",10000,1952
"28",1,17,1.13165847449191,1.20177225779433,40,TRUE,TRUE,"Sims",10000,1952
"29",1,17,2.89336904628578,2.9028751473933,40,TRUE,TRUE,"Sims",10000,1952
"30",1,17,4.55592429879333,4.61702499819403,40,TRUE,TRUE,"Sims",10000,1952
"31",1,17,3.00140761531664,3.06296706514978,40,TRUE,TRUE,"Sims",10000,1952
"32",1,18,3.33794463275812,3.38570737102167,40,TRUE,TRUE,"Sims",10000,1952
"33",1,18,2.53303586547721,2.56512696615754,40,TRUE,TRUE,"Sims",10000,1952
"34",1,18,4.12810398258347,4.16921986923566,40,TRUE,TRUE,"Sims",10000,1952
"35",1,18,3.89967372794925,3.91592400615239,40,TRUE,TRUE,"Sims",10000,1952
"36",1,18,3.52593624304668,3.54345688442183,40,TRUE,TRUE,"Sims",10000,1952
"37",1,18,1.92493927634262,1.95610563197259,40,TRUE,TRUE,"Sims",10000,1952
"38",1,19,1.0016650765599,1.01921141630073,40,TRUE,TRUE,"Sims",10000,1952
"39",1,20,4.06820954305705,4.17762371398075,40,TRUE,TRUE,"Sims",10000,1952
"40",1,20,4.95759336441599,4.99188178885572,40,TRUE,TRUE,"Sims",10000,1952
"41",1,21,3.19738446069544,3.19781064664021,40,TRUE,TRUE,"Sims",10000,1952
"42",1,21,3.11444521303493,3.12083283310329,40,TRUE,TRUE,"Sims",10000,1952
"43",1,21,4.08510277647473,4.08972372913088,40,TRUE,TRUE,"Sims",10000,1952
"44",1,22,2.58232263624776,2.5828503131127,40,TRUE,TRUE,"Sims",10000,1952
"45",1,22,0.974864788225898,1.06236064301664,40,TRUE,TRUE,"Sims",10000,1952
"46",1,22,4.24611098154066,4.25718887223778,40,TRUE,TRUE,"Sims",10000,1952
"47",1,23,3.72226151613663,3.72587453290457,40,TRUE,TRUE,"Sims",10000,1952
"48",1,24,1.05122201279254,1.13663020436872,40,TRUE,TRUE,"Sims",10000,1952
"49",1,25,4.46947209538507,4.55073044244198,40,TRUE,TRUE,"Sims",10000,1952
"50",1,26,4.8418827393429,4.90992074917828,40,TRUE,TRUE,"Sims",10000,1952
"51",1,28,3.66167560760882,3.69955323680873,40,TRUE,TRUE,"Sims",10000,1952
"52",1,28,2.4466481600242,2.45933012028294,40,TRUE,TRUE,"Sims",10000,1952
"53",1,28,2.13982845180759,2.28966028534899,40,TRUE,TRUE,"Sims",10000,1952
"54",1,28,1.75593565927666,1.86817598385334,40,TRUE,TRUE,"Sims",10000,1952
"55",1,28,1.6009346133653,1.65826781237977,40,TRUE,TRUE,"Sims",10000,1952
"56",1,29,4.98085637174398,5.03347400315408,40,TRUE,TRUE,"Sims",10000,1952
"57",1,29,3.36242869543831,3.4013165230225,40,TRUE,TRUE,"Sims",10000,1952
"58",1,29,4.82353282001314,4.82632148806718,40,TRUE,TRUE,"Sims",10000,1952
"59",1,29,2.7471404614128,2.75501217888547,40,TRUE,TRUE,"Sims",10000,1952
"60",1,29,4.28274430576044,4.39711460349929,40,TRUE,TRUE,"Sims",10000,1952
"61",1,30,4.34259730091145,4.43480976974673,40,TRUE,TRUE,"Sims",10000,1952
"62",1,30,3.58219220279187,3.61070946530232,40,TRUE,TRUE,"Sims",10000,1952
"63",1,30,3.70753403235181,3.83907888025632,40,TRUE,TRUE,"Sims",10000,1952
"64",1,31,3.82299800079642,3.93300277691301,40,TRUE,TRUE,"Sims",10000,1952
"65",1,31,4.9288171202697,4.92882233878391,40,TRUE,TRUE,"Sims",10000,1952
"66",1,31,3.64461214777359,3.65054915030256,40,TRUE,TRUE,"Sims",10000,1952
"67",1,32,2.92115907788525,2.94894378361623,40,TRUE,TRUE,"Sims",10000,1952
"68",1,32,4.37791535457995,4.37834257536823,40,TRUE,TRUE,"Sims",10000,1952
"69",1,33,4.93749017171554,4.9858095050269,40,TRUE,TRUE,"Sims",10000,1952
"70",1,33,4.77402090304795,4.85798376602208,40,TRUE,TRUE,"Sims",10000,1952
"71",1,33,3.6758305727144,3.69264067430502,40,TRUE,TRUE,"Sims",10000,1952
"72",1,34,2.39949846054265,2.52122909408988,40,TRUE,TRUE,"Sims",10000,1952
"73",1,34,4.71270372677861,4.72367809978597,40,TRUE,TRUE,"Sims",10000,1952
"74",1,34,1.80300726133573,1.97606782358413,40,TRUE,TRUE,"Sims",10000,1952
"75",1,36,4.00538501062199,4.08621070703536,40,TRUE,TRUE,"Sims",10000,1952
"76",1,39,4.07432606914921,4.08528319409954,40,TRUE,TRUE,"Sims",10000,1952
"77",1,40,2.49590494519932,2.51105683903531,40,TRUE,TRUE,"Sims",10000,1952
"78",1,40,3.54177402113397,3.54478145655625,40,TRUE,TRUE,"Sims",10000,1952
"79",2,1,2.43310238590548,2.46543142686928,40,TRUE,TRUE,"Sims",10000,1952
"80",2,3,1.6143722274475,1.71251096092183,40,TRUE,TRUE,"Sims",10000,1952
"81",2,3,3.04847327292547,3.15105632249132,40,TRUE,TRUE,"Sims",10000,1952
"82",2,4,4.20522812155408,4.25743149961499,40,TRUE,TRUE,"Sims",10000,1952
"83",2,4,4.04287141371284,4.13252658989133,40,TRUE,TRUE,"Sims",10000,1952
"84",2,6,3.09451856336314,3.12938974996016,40,TRUE,TRUE,"Sims",10000,1952
"85",2,6,3.72248028304085,3.76607960087828,40,TRUE,TRUE,"Sims",10000,1952
"86",2,6,1.90726771596519,2.06525455224298,40,TRUE,TRUE,"Sims",10000,1952
"87",2,6,4.44523783025886,4.44600231708158,40,TRUE,TRUE,"Sims",10000,1952
"88",2,7,4.45430260532633,4.47989476665097,40,TRUE,TRUE,"Sims",10000,1952
"89",2,7,4.60364374326929,4.6464582656413,40,TRUE,TRUE,"Sims",10000,1952
"90",2,7,3.71860673859584,3.78422535849785,40,TRUE,TRUE,"Sims",10000,1952
"91",2,7,1.7610612041429,1.96204916018419,40,TRUE,TRUE,"Sims",10000,1952
"92",2,8,2.56240032737242,2.6305217493693,40,TRUE,TRUE,"Sims",10000,1952
"93",2,9,0.835255688350522,0.876848191018825,40,TRUE,TRUE,"Sims",10000,1952
"94",2,9,2.33478194677316,2.40309823062542,40,TRUE,TRUE,"Sims",10000,1952
"95",2,9,3.95851577389789,4.00163939115831,40,TRUE,TRUE,"Sims",10000,1952
"96",2,10,2.88598264060928,3.03811735350364,40,TRUE,TRUE,"Sims",10000,1952
"97",2,10,4.55277270412188,4.6032637401898,40,TRUE,TRUE,"Sims",10000,1952
"98",2,11,2.8828579885766,2.88310117592715,40,TRUE,TRUE,"Sims",10000,1952
"99",2,12,3.21584992884241,3.28990781902743,40,TRUE,TRUE,"Sims",10000,1952
"100",2,12,1.90541748044837,2.006173968346,40,TRUE,TRUE,"Sims",10000,1952
"101",2,15,2.4252613367779,2.48075296529596,40,TRUE,TRUE,"Sims",10000,1952
"102",2,16,4.52854405465575,4.53158592312676,40,TRUE,TRUE,"Sims",10000,1952
"103",2,16,3.45045949488558,3.48460600641768,40,TRUE,TRUE,"Sims",10000,1952
"104",2,16,3.74767611542112,3.86216871862602,40,TRUE,TRUE,"Sims",10000,1952
"105",2,17,4.8130306740836,4.869258318409,40,TRUE,TRUE,"Sims",10000,1952
"106",2,18,1.70782942782757,1.7772478152003,40,TRUE,TRUE,"Sims",10000,1952
"107",2,18,4.1127903150828,4.15617242670444,40,TRUE,TRUE,"Sims",10000,1952
"108",2,19,3.70578260067614,3.72720254595719,40,TRUE,TRUE,"Sims",10000,1952
"109",2,20,3.72837071816259,3.786894889307,40,TRUE,TRUE,"Sims",10000,1952
"110",2,20,3.34195160913146,3.36693516121879,40,TRUE,TRUE,"Sims",10000,1952
"111",2,21,3.53033999143717,3.59209202913119,40,TRUE,TRUE,"Sims",10000,1952
"112",2,21,3.08857784841641,3.09555089288399,40,TRUE,TRUE,"Sims",10000,1952
"113",2,23,3.35977527910303,3.45429221576207,40,TRUE,TRUE,"Sims",10000,1952
"114",2,24,4.60822113256363,4.70168686138107,40,TRUE,TRUE,"Sims",10000,1952
"115",2,24,1.70100662771247,1.82783203194341,40,TRUE,TRUE,"Sims",10000,1952
"116",2,24,3.03211261125569,3.18737956093176,40,TRUE,TRUE,"Sims",10000,1952
"117",2,24,3.30149715052103,3.30155943684202,40,TRUE,TRUE,"Sims",10000,1952
"118",2,25,4.1338853311055,4.13389155312046,40,TRUE,TRUE,"Sims",10000,1952
"119",2,25,3.53510379708298,3.5767175465631,40,TRUE,TRUE,"Sims",10000,1952
"120",2,25,4.88662830547244,4.93586689131711,40,TRUE,TRUE,"Sims",10000,1952
"121",2,25,3.08500731215288,3.22482260134231,40,TRUE,TRUE,"Sims",10000,1952
"122",2,26,4.4889438898574,4.55457061324429,40,TRUE,TRUE,"Sims",10000,1952
"123",2,27,2.92067047651888,3.03313363496267,40,TRUE,TRUE,"Sims",10000,1952
"124",2,27,3.8299627699505,3.88795077241001,40,TRUE,TRUE,"Sims",10000,1952
"125",2,28,4.64362389562275,4.67482446234977,40,TRUE,TRUE,"Sims",10000,1952
"126",2,28,2.13657061630792,2.16606736219676,40,TRUE,TRUE,"Sims",10000,1952
"127",2,28,1.79230505337223,1.79262224617552,40,TRUE,TRUE,"Sims",10000,1952
"128",2,30,4.08952972793064,4.10160076942364,40,TRUE,TRUE,"Sims",10000,1952
"129",2,30,1.88155586803893,2.09589796690622,40,TRUE,TRUE,"Sims",10000,1952
"130",2,30,1.89420834851242,1.8960017150584,40,TRUE,TRUE,"Sims",10000,1952
"131",2,31,2.10773803790834,2.26031993574229,40,TRUE,TRUE,"Sims",10000,1952
"132",2,31,3.68007855858711,3.7216203054771,40,TRUE,TRUE,"Sims",10000,1952
"133",2,31,4.71945633752975,4.71966445756336,40,TRUE,TRUE,"Sims",10000,1952
"134",2,32,4.68742471359455,4.69625633401742,40,TRUE,TRUE,"Sims",10000,1952
"135",2,32,1.62151590856429,1.67793286973407,40,TRUE,TRUE,"Sims",10000,1952
"136",2,32,4.89316771423507,4.89386222891109,40,TRUE,TRUE,"Sims",10000,1952
"137",2,33,4.38995084107547,4.43193239036544,40,TRUE,TRUE,"Sims",10000,1952
"138",2,33,4.44091792170792,4.53790444585391,40,TRUE,TRUE,"Sims",10000,1952
"139",2,34,4.71917992726886,4.8037768788595,40,TRUE,TRUE,"Sims",10000,1952
"140",2,34,4.22249627738429,4.22261120659226,40,TRUE,TRUE,"Sims",10000,1952
"141",2,38,3.80102874807801,3.85959342643675,40,TRUE,TRUE,"Sims",10000,1952
"142",2,39,4.79180262818911,4.7918892562831,40,TRUE,TRUE,"Sims",10000,1952
"143",2,39,1.41138522158771,1.52246033408474,40,TRUE,TRUE,"Sims",10000,1952
"144",2,39,3.67776722563378,3.70997750841815,40,TRUE,TRUE,"Sims",10000,1952
"145",2,40,1.7385908354673,1.74093379675637,40,TRUE,TRUE,"Sims",10000,1952
"146",3,1,3.24242591504017,3.29862431994015,40,TRUE,TRUE,"Sims",10000,1952
"147",3,2,4.96625839359616,5.00234616106651,40,TRUE,TRUE,"Sims",10000,1952
"148",3,2,4.45052596108126,4.51720153469627,40,TRUE,TRUE,"Sims",10000,1952
"149",3,2,2.98316446701065,2.99599377635338,40,TRUE,TRUE,"Sims",10000,1952
"150",3,2,2.28926437093719,2.43711099923381,40,TRUE,TRUE,"Sims",10000,1952
"151",3,2,1.86537003053988,1.94036238774956,40,TRUE,TRUE,"Sims",10000,1952
"152",3,4,3.68178301722078,3.68194202103112,40,TRUE,TRUE,"Sims",10000,1952
"153",3,5,2.09195661905352,2.19946649112791,40,TRUE,TRUE,"Sims",10000,1952
"154",3,5,4.09017988375167,4.11431104581252,40,TRUE,TRUE,"Sims",10000,1952
"155",3,6,3.52720500331396,3.58820776318153,40,TRUE,TRUE,"Sims",10000,1952
"156",3,8,3.6562138471956,3.65912722577261,40,TRUE,TRUE,"Sims",10000,1952
"157",3,9,1.6883064614938,1.69034118087442,40,TRUE,TRUE,"Sims",10000,1952
"158",3,9,2.09387144237176,2.16770391087942,40,TRUE,TRUE,"Sims",10000,1952
"159",3,10,2.6205535985889,2.67087589633065,40,TRUE,TRUE,"Sims",10000,1952
"160",3,10,4.81556060079929,4.85414306178564,40,TRUE,TRUE,"Sims",10000,1952
"161",3,10,2.93053447540526,2.96371458531073,40,TRUE,TRUE,"Sims",10000,1952
"162",3,11,3.68252848148921,3.68649350623421,40,TRUE,TRUE,"Sims",10000,1952
"163",3,11,2.81571358641062,2.83024790948689,40,TRUE,TRUE,"Sims",10000,1952
"164",3,11,4.10830731425564,4.12534872411498,40,TRUE,TRUE,"Sims",10000,1952
"165",3,12,4.8719791800119,4.88312362039424,40,TRUE,TRUE,"Sims",10000,1952
"166",3,13,3.53572456266119,3.6167950883593,40,TRUE,TRUE,"Sims",10000,1952
"167",3,13,3.52384417694271,3.59367797603873,40,TRUE,TRUE,"Sims",10000,1952
"168",3,13,2.42124495709189,2.51128210471334,40,TRUE,TRUE,"Sims",10000,1952
"169",3,13,3.8781646402763,3.91049496664318,40,TRUE,TRUE,"Sims",10000,1952
"170",3,14,2.68567811192663,2.68593657603554,40,TRUE,TRUE,"Sims",10000,1952
"171",3,14,3.36198153135336,3.36514965122306,40,TRUE,TRUE,"Sims",10000,1952
"172",3,15,2.75569465548457,2.75577233910144,40,TRUE,TRUE,"Sims",10000,1952
"173",3,15,4.50845377760486,4.54932818081719,40,TRUE,TRUE,"Sims",10000,1952
"174",3,15,3.16972040685426,3.19186416574116,40,TRUE,TRUE,"Sims",10000,1952
"175",3,16,3.62104640781563,3.62110552707938,40,TRUE,TRUE,"Sims",10000,1952
"176",3,16,4.76201518059883,4.77769530076189,40,TRUE,TRUE,"Sims",10000,1952
"177",3,17,2.81075808175662,2.81083424357441,40,TRUE,TRUE,"Sims",10000,1952
"178",3,17,3.67173618451319,3.74440262879385,40,TRUE,TRUE,"Sims",10000,1952
"179",3,18,2.53796615571746,2.62803351538737,40,TRUE,TRUE,"Sims",10000,1952
"180",3,18,4.49540362074605,4.54349881069096,40,TRUE,TRUE,"Sims",10000,1952
"181",3,18,2.57593929539513,2.58390286501976,40,TRUE,TRUE,"Sims",10000,1952
"182",3,18,3.49349508186109,3.50163903398585,40,TRUE,TRUE,"Sims",10000,1952
"183",3,19,4.78989628550119,4.85004793316853,40,TRUE,TRUE,"Sims",10000,1952
"184",3,19,3.0888720477269,3.19536611499716,40,TRUE,TRUE,"Sims",10000,1952
"185",3,19,1.08038780501573,1.16216765480545,40,TRUE,TRUE,"Sims",10000,1952
"186",3,19,3.43575192138736,3.44626472059953,40,TRUE,TRUE,"Sims",10000,1952
"187",3,20,3.64696605123215,3.65662224152254,40,TRUE,TRUE,"Sims",10000,1952
"188",3,20,1.79033431301966,1.8361585452316,40,TRUE,TRUE,"Sims",10000,1952
"189",3,21,3.68881759080537,3.69011140635592,40,TRUE,TRUE,"Sims",10000,1952
"190",3,21,4.36729685554668,4.38356782058693,40,TRUE,TRUE,"Sims",10000,1952
"191",3,22,3.59522168873547,3.65196901249348,40,TRUE,TRUE,"Sims",10000,1952
"192",3,22,4.33006055804526,4.3736184052791,40,TRUE,TRUE,"Sims",10000,1952
"193",3,22,4.59325158669177,4.64704247352434,40,TRUE,TRUE,"Sims",10000,1952
"194",3,23,4.4760495232586,4.54246878001404,40,TRUE,TRUE,"Sims",10000,1952
"195",3,24,2.9617746981495,2.97293157359347,40,TRUE,TRUE,"Sims",10000,1952
"196",3,24,1.64979326736706,1.69418561097921,40,TRUE,TRUE,"Sims",10000,1952
"197",3,24,4.85731976796896,4.88021771374434,40,TRUE,TRUE,"Sims",10000,1952
"198",3,24,1.52142570217132,1.64075433007186,40,TRUE,TRUE,"Sims",10000,1952
"199",3,24,1.57801032390512,1.5860037602582,40,TRUE,TRUE,"Sims",10000,1952
"200",3,25,1.94593834512672,2.02803770813565,40,TRUE,TRUE,"Sims",10000,1952
"201",3,25,3.79629485477746,3.80199500466343,40,TRUE,TRUE,"Sims",10000,1952
"202",3,25,2.85358289797349,2.95625227783547,40,TRUE,TRUE,"Sims",10000,1952
"203",3,26,1.56361149068633,1.71605901311059,40,TRUE,TRUE,"Sims",10000,1952
"204",3,26,1.33803321706264,1.39926577605474,40,TRUE,TRUE,"Sims",10000,1952
"205",3,26,4.73930118206577,4.79079264991153,40,TRUE,TRUE,"Sims",10000,1952
"206",3,27,1.3409723287275,1.42946151791045,40,TRUE,TRUE,"Sims",10000,1952
"207",3,28,3.66927740707439,3.68711393741312,40,TRUE,TRUE,"Sims",10000,1952
"208",3,28,2.44643182832022,2.4986478911019,40,TRUE,TRUE,"Sims",10000,1952
"209",3,30,4.86348338069434,4.87071645502088,40,TRUE,TRUE,"Sims",10000,1952
"210",3,30,2.45097719989909,2.56978236608196,40,TRUE,TRUE,"Sims",10000,1952
"211",3,31,4.37808197006093,4.46914028113914,40,TRUE,TRUE,"Sims",10000,1952
"212",3,31,4.25560596748114,4.2717483880518,40,TRUE,TRUE,"Sims",10000,1952
"213",3,31,4.8713413572242,4.91905214205677,40,TRUE,TRUE,"Sims",10000,1952
"214",3,32,4.76373886985114,4.82594034305556,40,TRUE,TRUE,"Sims",10000,1952
"215",3,33,4.92917459572102,5.01455645629136,40,TRUE,TRUE,"Sims",10000,1952
"216",3,33,2.98963995676509,2.99205353554083,40,TRUE,TRUE,"Sims",10000,1952
"217",3,33,4.57783933425732,4.59634690377475,40,TRUE,TRUE,"Sims",10000,1952
"218",3,34,4.17888591394547,4.1884745271367,40,TRUE,TRUE,"Sims",10000,1952
"219",3,35,4.70872093017567,4.71723268251372,40,TRUE,TRUE,"Sims",10000,1952
"220",3,35,4.80180753737042,4.81735813829695,40,TRUE,TRUE,"Sims",10000,1952
"221",3,36,4.1362276717484,4.13721277193294,40,TRUE,TRUE,"Sims",10000,1952
"222",3,37,4.49570011639235,4.53186668372469,40,TRUE,TRUE,"Sims",10000,1952
"223",3,37,3.39615423141904,3.40307210087641,40,TRUE,TRUE,"Sims",10000,1952
"224",3,38,4.79284626057244,4.79953626327251,40,TRUE,TRUE,"Sims",10000,1952
"225",3,39,0.443494309569723,0.49368346417384,40,TRUE,TRUE,"Sims",10000,1952
"226",4,1,2.44956324844016,2.48167786152926,40,TRUE,TRUE,"Sims",10000,1952
"227",4,3,4.91991346332167,4.94309557939391,40,TRUE,TRUE,"Sims",10000,1952
"228",4,3,1.9600334645932,2.04162368835415,40,TRUE,TRUE,"Sims",10000,1952
"229",4,3,3.40084177719744,3.49309196061356,40,TRUE,TRUE,"Sims",10000,1952
"230",4,4,4.65120165847321,4.69845254178315,40,TRUE,TRUE,"Sims",10000,1952
"231",4,4,4.16840469752638,4.25541589867576,40,TRUE,TRUE,"Sims",10000,1952
"232",4,6,3.05549228061816,3.09080380242321,40,TRUE,TRUE,"Sims",10000,1952
"233",4,6,3.95665172405109,3.99769795857066,40,TRUE,TRUE,"Sims",10000,1952
"234",4,6,2.23400149708156,2.37030987724389,40,TRUE,TRUE,"Sims",10000,1952
"235",4,6,4.93252496959069,4.93321394342125,40,TRUE,TRUE,"Sims",10000,1952
"236",4,7,4.66865671896387,4.69308011650944,40,TRUE,TRUE,"Sims",10000,1952
"237",4,7,4.44611564482534,4.49043238748391,40,TRUE,TRUE,"Sims",10000,1952
"238",4,7,4.42329301723863,4.47845958620798,40,TRUE,TRUE,"Sims",10000,1952
"239",4,7,3.97898664571063,3.98072508532083,40,TRUE,TRUE,"Sims",10000,1952
"240",4,7,1.77912059589674,1.97827461111601,40,TRUE,TRUE,"Sims",10000,1952
"241",4,8,3.01535314712184,3.07345145366642,40,TRUE,TRUE,"Sims",10000,1952
"242",4,9,4.94851326538725,5.01235974262474,40,TRUE,TRUE,"Sims",10000,1952
"243",4,9,2.60499137068076,2.66639352091517,40,TRUE,TRUE,"Sims",10000,1952
"244",4,9,4.03075880959558,4.07311763466313,40,TRUE,TRUE,"Sims",10000,1952
"245",4,10,2.02603795912317,2.03677089946351,40,TRUE,TRUE,"Sims",10000,1952
"246",4,10,0.591322505748353,0.615136450332353,40,TRUE,TRUE,"Sims",10000,1952
"247",4,10,3.11379468506019,3.25530007717737,40,TRUE,TRUE,"Sims",10000,1952
"248",4,11,2.69267072038892,2.69293108281151,40,TRUE,TRUE,"Sims",10000,1952
"249",4,12,3.54877673613924,3.61602254083477,40,TRUE,TRUE,"Sims",10000,1952
"250",4,12,1.99632652500935,2.09271063717057,40,TRUE,TRUE,"Sims",10000,1952
"251",4,15,2.49274339002622,2.54676507194409,40,TRUE,TRUE,"Sims",10000,1952
"252",4,16,1.22194303614429,1.36609873284942,40,TRUE,TRUE,"Sims",10000,1952
"253",4,16,3.77901452745187,3.81021772249413,40,TRUE,TRUE,"Sims",10000,1952
"254",4,16,3.60779604485105,3.72658868756377,40,TRUE,TRUE,"Sims",10000,1952
"255",4,18,1.73913542324115,1.80735178159996,40,TRUE,TRUE,"Sims",10000,1952
"256",4,18,4.44788557794209,4.48802976584654,40,TRUE,TRUE,"Sims",10000,1952
"257",4,19,3.81380291983482,3.83461951782134,40,TRUE,TRUE,"Sims",10000,1952
"258",4,19,1.7485452273408,1.92896441484051,40,TRUE,TRUE,"Sims",10000,1952
"259",4,20,3.53610120788384,3.5977543611265,40,TRUE,TRUE,"Sims",10000,1952
"260",4,21,3.72833437461342,3.78685910743076,40,TRUE,TRUE,"Sims",10000,1952
"261",4,21,3.15912631897173,3.16594398306826,40,TRUE,TRUE,"Sims",10000,1952
"262",4,21,1.36679891716986,1.49813935315657,40,TRUE,TRUE,"Sims",10000,1952
"263",4,23,3.48861723300578,3.49119310238188,40,TRUE,TRUE,"Sims",10000,1952
"264",4,23,3.47173405669671,3.56328249599023,40,TRUE,TRUE,"Sims",10000,1952
"265",4,24,1.88655777282544,2.00166096521981,40,TRUE,TRUE,"Sims",10000,1952
"266",4,24,2.81617859387064,2.98270740279447,40,TRUE,TRUE,"Sims",10000,1952
"267",4,24,2.07239579339264,2.26233422196602,40,TRUE,TRUE,"Sims",10000,1952
"268",4,24,3.63640021325672,3.63645676326222,40,TRUE,TRUE,"Sims",10000,1952
"269",4,25,3.39565117650273,3.43895281506249,40,TRUE,TRUE,"Sims",10000,1952
"270",4,25,4.744487174206,4.79518553542626,40,TRUE,TRUE,"Sims",10000,1952
"271",4,25,3.07243465926783,3.21279713482842,40,TRUE,TRUE,"Sims",10000,1952
"272",4,26,4.57163167618881,4.636088050013,40,TRUE,TRUE,"Sims",10000,1952
"273",4,26,3.93839505379915,3.95228301633902,40,TRUE,TRUE,"Sims",10000,1952
"274",4,27,2.85678571605377,2.9716675861512,40,TRUE,TRUE,"Sims",10000,1952
"275",4,27,4.32994158094521,4.38131720877124,40,TRUE,TRUE,"Sims",10000,1952
"276",4,27,1.74155229125886,1.76971180119736,40,TRUE,TRUE,"Sims",10000,1952
"277",4,28,4.98230442012494,5.01139683168094,40,TRUE,TRUE,"Sims",10000,1952
"278",4,28,2.63193450959871,2.65593544385406,40,TRUE,TRUE,"Sims",10000,1952
"279",4,28,2.26547088351048,2.26572183578954,40,TRUE,TRUE,"Sims",10000,1952
"280",4,30,4.14239640745926,4.15431383896783,40,TRUE,TRUE,"Sims",10000,1952
"281",4,30,2.03946468414743,2.23873893096415,40,TRUE,TRUE,"Sims",10000,1952
"282",4,30,1.90587040527012,2.07610793645833,40,TRUE,TRUE,"Sims",10000,1952
"283",4,30,2.19519906417449,2.19674672351703,40,TRUE,TRUE,"Sims",10000,1952
"284",4,31,2.47768859679081,2.60872140293584,40,TRUE,TRUE,"Sims",10000,1952
"285",4,31,4.221691840994,4.25795273589105,40,TRUE,TRUE,"Sims",10000,1952
"286",4,31,4.93251467843768,4.9618990238404,40,TRUE,TRUE,"Sims",10000,1952
"287",4,32,4.72934425775628,4.73809774250743,40,TRUE,TRUE,"Sims",10000,1952
"288",4,32,2.06412014499618,2.10872872759537,40,TRUE,TRUE,"Sims",10000,1952
"289",4,33,4.44327033487279,4.48475279078698,40,TRUE,TRUE,"Sims",10000,1952
"290",4,33,4.69253941545507,4.78442796350341,40,TRUE,TRUE,"Sims",10000,1952
"291",4,34,4.79662522182918,4.87987977665594,40,TRUE,TRUE,"Sims",10000,1952
"292",4,34,4.69591441445121,4.69601775735198,40,TRUE,TRUE,"Sims",10000,1952
"293",4,35,3.56722911242423,3.64747300118476,40,TRUE,TRUE,"Sims",10000,1952
"294",4,37,3.84281878815461,3.96063720625298,40,TRUE,TRUE,"Sims",10000,1952
"295",4,38,3.94554424540852,4.00199466093529,40,TRUE,TRUE,"Sims",10000,1952
"296",4,39,1.62324413047353,1.72069716459985,40,TRUE,TRUE,"Sims",10000,1952
"297",4,39,4.10598399361653,4.13485984077546,40,TRUE,TRUE,"Sims",10000,1952
"298",4,40,1.94899429031098,1.95108460482431,40,TRUE,TRUE,"Sims",10000,1952
"299",5,1,4.69886494706286,4.69897513096899,40,TRUE,TRUE,"Sims",10000,1952
"300",5,2,4.84423667631052,4.84692366185822,40,TRUE,TRUE,"Sims",10000,1952
"301",5,2,2.37907533122178,2.40102530075829,40,TRUE,TRUE,"Sims",10000,1952
"302",5,3,4.44235975234679,4.50100088582467,40,TRUE,TRUE,"Sims",10000,1952
"303",5,3,3.2000300591274,3.21250465549786,40,TRUE,TRUE,"Sims",10000,1952
"304",5,4,4.6001707992474,4.6042279879782,40,TRUE,TRUE,"Sims",10000,1952
"305",5,4,3.8857977306449,3.93573996264282,40,TRUE,TRUE,"Sims",10000,1952
"306",5,4,3.34986952638134,3.36178815900927,40,TRUE,TRUE,"Sims",10000,1952
"307",5,5,4.94924807580885,4.96300309050097,40,TRUE,TRUE,"Sims",10000,1952
"308",5,5,1.53628415796571,1.66615670872259,40,TRUE,TRUE,"Sims",10000,1952
"309",5,6,3.1134671564632,3.14963554084092,40,TRUE,TRUE,"Sims",10000,1952
"310",5,6,2.74815476274733,2.7614421297438,40,TRUE,TRUE,"Sims",10000,1952
"311",5,6,4.32380729108506,4.32545396712133,40,TRUE,TRUE,"Sims",10000,1952
"312",5,7,4.49311677054614,4.50097157335358,40,TRUE,TRUE,"Sims",10000,1952
"313",5,8,1.77879477582132,1.80723722538759,40,TRUE,TRUE,"Sims",10000,1952
"314",5,9,3.85896160973418,3.87758371842459,40,TRUE,TRUE,"Sims",10000,1952
"315",5,9,4.45136580746116,4.53677705460253,40,TRUE,TRUE,"Sims",10000,1952
"316",5,9,2.65970114710781,2.69819785602866,40,TRUE,TRUE,"Sims",10000,1952
"317",5,10,4.73429397302021,4.78055908181777,40,TRUE,TRUE,"Sims",10000,1952
"318",5,10,3.56396530770491,3.6689745678196,40,TRUE,TRUE,"Sims",10000,1952
"319",5,11,2.91472216800702,2.95554486734931,40,TRUE,TRUE,"Sims",10000,1952
"320",5,11,2.65002083214811,2.67706578156164,40,TRUE,TRUE,"Sims",10000,1952
"321",5,11,2.7479110030508,2.82687470406145,40,TRUE,TRUE,"Sims",10000,1952
"322",5,11,4.50017916607177,4.59596382402884,40,TRUE,TRUE,"Sims",10000,1952
"323",5,12,4.63774113928161,4.68495982765701,40,TRUE,TRUE,"Sims",10000,1952
"324",5,12,2.65366986672217,2.65998108293667,40,TRUE,TRUE,"Sims",10000,1952
"325",5,12,4.2875464727892,4.32145802441007,40,TRUE,TRUE,"Sims",10000,1952
"326",5,13,4.32005018280718,4.32203495851222,40,TRUE,TRUE,"Sims",10000,1952
"327",5,13,3.5957797043038,3.59613997089783,40,TRUE,TRUE,"Sims",10000,1952
"328",5,14,2.73505201805329,2.73522351333909,40,TRUE,TRUE,"Sims",10000,1952
"329",5,14,4.03892573359225,4.03900868141316,40,TRUE,TRUE,"Sims",10000,1952
"330",5,15,3.74473925252081,3.74493438230546,40,TRUE,TRUE,"Sims",10000,1952
"331",5,15,3.27774415695099,3.31571833380496,40,TRUE,TRUE,"Sims",10000,1952
"332",5,15,2.9462938728862,2.96786755114451,40,TRUE,TRUE,"Sims",10000,1952
"333",5,15,3.53450420428342,3.55458928475775,40,TRUE,TRUE,"Sims",10000,1952
"334",5,15,3.66751629182185,3.66945749151343,40,TRUE,TRUE,"Sims",10000,1952
"335",5,15,3.48240923298655,3.53717173671771,40,TRUE,TRUE,"Sims",10000,1952
"336",5,16,1.37629336069037,1.37682419832159,40,TRUE,TRUE,"Sims",10000,1952
"337",5,17,3.01059204417556,3.10561531245016,40,TRUE,TRUE,"Sims",10000,1952
"338",5,18,3.32446013390076,3.34873906141932,40,TRUE,TRUE,"Sims",10000,1952
"339",5,18,4.74213071645367,4.82680414995852,40,TRUE,TRUE,"Sims",10000,1952
"340",5,19,1.96371786954646,1.97826926197267,40,TRUE,TRUE,"Sims",10000,1952
"341",5,19,4.98136347347018,5.0290571754439,40,TRUE,TRUE,"Sims",10000,1952
"342",5,19,4.36611876307889,4.44193415901453,40,TRUE,TRUE,"Sims",10000,1952
"343",5,19,4.96497335189776,4.97834776782626,40,TRUE,TRUE,"Sims",10000,1952
"344",5,19,3.48356022189177,3.50225148561533,40,TRUE,TRUE,"Sims",10000,1952
"345",5,20,2.39990828894045,2.4261201743736,40,TRUE,TRUE,"Sims",10000,1952
"346",5,21,4.73447811251132,4.73998261451645,40,TRUE,TRUE,"Sims",10000,1952
"347",5,21,1.41798067642987,1.43601456903989,40,TRUE,TRUE,"Sims",10000,1952
"348",5,22,3.6141072902946,3.62470412261109,40,TRUE,TRUE,"Sims",10000,1952
"349",5,22,1.47407344367949,1.62640262548796,40,TRUE,TRUE,"Sims",10000,1952
"350",5,23,4.20285257013515,4.28496485099171,40,TRUE,TRUE,"Sims",10000,1952
"351",5,24,3.59388964593455,3.68544425699517,40,TRUE,TRUE,"Sims",10000,1952
"352",5,24,4.80475546440058,4.87786532339596,40,TRUE,TRUE,"Sims",10000,1952
"353",5,24,3.57138363654744,3.57151951820415,40,TRUE,TRUE,"Sims",10000,1952
"354",5,25,3.08226134715106,3.08241879076414,40,TRUE,TRUE,"Sims",10000,1952
"355",5,25,2.50745993802746,2.6408030081828,40,TRUE,TRUE,"Sims",10000,1952
"356",5,25,1.71694634206678,1.77221938299949,40,TRUE,TRUE,"Sims",10000,1952
"357",5,26,3.12730521204934,3.18621351934789,40,TRUE,TRUE,"Sims",10000,1952
"358",5,26,2.74404939379227,2.74656959746713,40,TRUE,TRUE,"Sims",10000,1952
"359",5,27,3.25330101462652,3.36669009998733,40,TRUE,TRUE,"Sims",10000,1952
"360",5,28,3.33005471185584,3.39981424598678,40,TRUE,TRUE,"Sims",10000,1952
"361",5,29,4.88119488269402,4.97029619524206,40,TRUE,TRUE,"Sims",10000,1952
"362",5,30,1.88583666747609,2.10574469535049,40,TRUE,TRUE,"Sims",10000,1952
"363",5,30,2.2795245391316,2.48470651962516,40,TRUE,TRUE,"Sims",10000,1952
"364",5,30,1.56896262214209,1.60605959142056,40,TRUE,TRUE,"Sims",10000,1952
"365",5,31,4.17502127531543,4.18299710099576,40,TRUE,TRUE,"Sims",10000,1952
"366",5,31,1.6795476547081,1.71314169079851,40,TRUE,TRUE,"Sims",10000,1952
"367",5,31,2.93756386669175,2.96734075161634,40,TRUE,TRUE,"Sims",10000,1952
"368",5,31,4.62839741735959,4.63736762062565,40,TRUE,TRUE,"Sims",10000,1952
"369",5,32,3.23226998366605,3.23291647031708,40,TRUE,TRUE,"Sims",10000,1952
"370",5,33,4.55794105522676,4.59914831978092,40,TRUE,TRUE,"Sims",10000,1952
"371",5,33,3.13226838779959,3.14598034475917,40,TRUE,TRUE,"Sims",10000,1952
"372",5,34,3.64680965501587,3.7483136738405,40,TRUE,TRUE,"Sims",10000,1952
"373",5,34,3.7916046696144,3.80294005304371,40,TRUE,TRUE,"Sims",10000,1952
"374",5,34,4.78128076426994,4.78166304498753,40,TRUE,TRUE,"Sims",10000,1952
"375",5,35,3.55746980024631,3.56215767626835,40,TRUE,TRUE,"Sims",10000,1952
"376",5,36,4.72258980028866,4.73041306935977,40,TRUE,TRUE,"Sims",10000,1952
"377",5,37,4.80451719917851,4.80820595469038,40,TRUE,TRUE,"Sims",10000,1952
"378",5,37,3.83875214532916,3.84069148984316,40,TRUE,TRUE,"Sims",10000,1952
"379",5,37,2.85000367071386,2.93653605754706,40,TRUE,TRUE,"Sims",10000,1952
"380",5,37,2.09919109141304,2.10318938466958,40,TRUE,TRUE,"Sims",10000,1952
"381",5,38,1.61932965846837,1.76718749344456,40,TRUE,TRUE,"Sims",10000,1952
"382",5,39,4.75126612597683,4.7536248043828,40,TRUE,TRUE,"Sims",10000,1952
"383",5,40,4.54035706109184,4.56888228659288,40,TRUE,TRUE,"Sims",10000,1952
"384",6,1,4.88762266163815,4.88770804151097,40,TRUE,TRUE,"Sims",10000,1952
"385",6,1,4.49496671636943,4.51112320760294,40,TRUE,TRUE,"Sims",10000,1952
"386",6,2,1.34799982890577,1.41340449311796,40,TRUE,TRUE,"Sims",10000,1952
"387",6,2,4.17256932365642,4.25400681052179,40,TRUE,TRUE,"Sims",10000,1952
"388",6,2,2.87423952741418,2.9084733328027,40,TRUE,TRUE,"Sims",10000,1952
"389",6,2,4.3204339066342,4.33495279315918,40,TRUE,TRUE,"Sims",10000,1952
"390",6,3,4.84252795656106,4.87991218892962,40,TRUE,TRUE,"Sims",10000,1952
"391",6,4,4.54756106691818,4.60045888879565,40,TRUE,TRUE,"Sims",10000,1952
"392",6,4,3.22215480859017,3.27100799785005,40,TRUE,TRUE,"Sims",10000,1952
"393",6,4,4.66919763375555,4.70122452530183,40,TRUE,TRUE,"Sims",10000,1952
"394",6,5,2.84158795804528,2.94974258633314,40,TRUE,TRUE,"Sims",10000,1952
"395",6,5,1.92395315457095,2.01831102571944,40,TRUE,TRUE,"Sims",10000,1952
"396",6,5,2.64097525058324,2.71844215365244,40,TRUE,TRUE,"Sims",10000,1952
"397",6,7,4.24280569853531,4.33249901705739,40,TRUE,TRUE,"Sims",10000,1952
"398",6,7,3.02893805073526,3.0290008782806,40,TRUE,TRUE,"Sims",10000,1952
"399",6,7,4.05880916290439,4.12335430571627,40,TRUE,TRUE,"Sims",10000,1952
"400",6,7,4.51474964090496,4.53083558882424,40,TRUE,TRUE,"Sims",10000,1952
"401",6,8,4.17147489497826,4.17570984354566,40,TRUE,TRUE,"Sims",10000,1952
"402",6,8,1.97602678248645,2.17911315262951,40,TRUE,TRUE,"Sims",10000,1952
"403",6,8,3.17818333341829,3.22824915819029,40,TRUE,TRUE,"Sims",10000,1952
"404",6,8,4.62372564150553,4.63086903334514,40,TRUE,TRUE,"Sims",10000,1952
"405",6,9,4.21525083689027,4.29122253795331,40,TRUE,TRUE,"Sims",10000,1952
"406",6,9,2.77809963909073,2.90240379230161,40,TRUE,TRUE,"Sims",10000,1952
"407",6,10,2.01159123067997,2.089009900808,40,TRUE,TRUE,"Sims",10000,1952
"408",6,10,3.31798445415585,3.46415267373489,40,TRUE,TRUE,"Sims",10000,1952
"409",6,11,4.41679345802082,4.41891956410108,40,TRUE,TRUE,"Sims",10000,1952
"410",6,11,4.17376031715871,4.21972976910164,40,TRUE,TRUE,"Sims",10000,1952
"411",6,11,1.63471912204856,1.81845374506275,40,TRUE,TRUE,"Sims",10000,1952
"412",6,12,3.70224250634502,3.70612174580557,40,TRUE,TRUE,"Sims",10000,1952
"413",6,12,4.58527192574839,4.6110717299817,40,TRUE,TRUE,"Sims",10000,1952
"414",6,12,2.69956183586893,2.70040386051875,40,TRUE,TRUE,"Sims",10000,1952
"415",6,13,4.37477228202948,4.37647410668655,40,TRUE,TRUE,"Sims",10000,1952
"416",6,13,0.779149542184643,0.799935223899952,40,TRUE,TRUE,"Sims",10000,1952
"417",6,13,1.98399482070621,2.00058607529601,40,TRUE,TRUE,"Sims",10000,1952
"418",6,16,2.92048858383509,3.06645245189935,40,TRUE,TRUE,"Sims",10000,1952
"419",6,16,4.70029897088596,4.71896599701902,40,TRUE,TRUE,"Sims",10000,1952
"420",6,16,2.3214088356527,2.50713739688969,40,TRUE,TRUE,"Sims",10000,1952
"421",6,16,4.16041340831752,4.16062479295796,40,TRUE,TRUE,"Sims",10000,1952
"422",6,16,4.26160800155678,4.26738641214923,40,TRUE,TRUE,"Sims",10000,1952
"423",6,17,2.35997575556437,2.53158991430211,40,TRUE,TRUE,"Sims",10000,1952
"424",6,18,4.06453258609511,4.17064769728605,40,TRUE,TRUE,"Sims",10000,1952
"425",6,18,4.53274470136572,4.53990472190244,40,TRUE,TRUE,"Sims",10000,1952
"426",6,18,2.62130550223345,2.62164098909589,40,TRUE,TRUE,"Sims",10000,1952
"427",6,19,2.30430356009831,2.34626706788526,40,TRUE,TRUE,"Sims",10000,1952
"428",6,20,2.9034049510451,2.91476748743917,40,TRUE,TRUE,"Sims",10000,1952
"429",6,21,4.51507026647672,4.5179219912639,40,TRUE,TRUE,"Sims",10000,1952
"430",6,22,4.86636021095594,4.88311768901547,40,TRUE,TRUE,"Sims",10000,1952
"431",6,23,4.22126336007379,4.22289706827295,40,TRUE,TRUE,"Sims",10000,1952
"432",6,23,2.51477000554178,2.69572494726896,40,TRUE,TRUE,"Sims",10000,1952
"433",6,23,2.91660978854695,3.02358087825437,40,TRUE,TRUE,"Sims",10000,1952
"434",6,23,3.75888013953431,3.7588990124663,40,TRUE,TRUE,"Sims",10000,1952
"435",6,24,2.84327820099119,2.88470012205978,40,TRUE,TRUE,"Sims",10000,1952
"436",6,26,1.88967120516067,2.05105434237735,40,TRUE,TRUE,"Sims",10000,1952
"437",6,27,4.5169046016674,4.51693453202262,40,TRUE,TRUE,"Sims",10000,1952
"438",6,27,2.7850761434615,2.94931008652562,40,TRUE,TRUE,"Sims",10000,1952
"439",6,28,3.40288119374425,3.43371521023721,40,TRUE,TRUE,"Sims",10000,1952
"440",6,29,4.66300457216088,4.76297403170307,40,TRUE,TRUE,"Sims",10000,1952
"441",6,29,3.30434677226826,3.30441233697255,40,TRUE,TRUE,"Sims",10000,1952
"442",6,29,4.26122516613311,4.26334219175147,40,TRUE,TRUE,"Sims",10000,1952
"443",6,29,4.94224682495231,4.94817772134788,40,TRUE,TRUE,"Sims",10000,1952
"444",6,30,3.00579013136987,3.0087594963226,40,TRUE,TRUE,"Sims",10000,1952
"445",6,31,1.22654969473637,1.30592781447641,40,TRUE,TRUE,"Sims",10000,1952
"446",6,31,4.3843401994524,4.47254229013381,40,TRUE,TRUE,"Sims",10000,1952
"447",6,32,3.45990219914508,3.45990244632855,40,TRUE,TRUE,"Sims",10000,1952
"448",6,33,4.71052812340511,4.72293669955322,40,TRUE,TRUE,"Sims",10000,1952
"449",6,34,3.06131608384847,3.06813095254684,40,TRUE,TRUE,"Sims",10000,1952
"450",6,34,2.70601381145414,2.75735620077487,40,TRUE,TRUE,"Sims",10000,1952
"451",6,36,3.61371740370517,3.61759617042788,40,TRUE,TRUE,"Sims",10000,1952
"452",6,38,3.07677684495388,3.17355042390099,40,TRUE,TRUE,"Sims",10000,1952
"453",6,38,2.9088081484724,3.0402147747441,40,TRUE,TRUE,"Sims",10000,1952
"454",6,39,2.79705309090495,2.91409086465368,40,TRUE,TRUE,"Sims",10000,1952
"455",6,39,2.03041001297507,2.03058245241816,40,TRUE,TRUE,"Sims",10000,1952
"456",6,40,4.93978192508718,4.94011989217846,40,TRUE,TRUE,"Sims",10000,1952
"457",6,40,4.16873750268465,4.19558589014293,40,TRUE,TRUE,"Sims",10000,1952
"458",7,1,1.06857924924678,1.13280998797119,40,TRUE,TRUE,"Sims",10000,1952
"459",7,1,3.26120691415783,3.26145337760243,40,TRUE,TRUE,"Sims",10000,1952
"460",7,1,4.52052279755988,4.53752400776338,40,TRUE,TRUE,"Sims",10000,1952
"461",7,3,2.5652397708044,2.67622853900387,40,TRUE,TRUE,"Sims",10000,1952
"462",7,4,2.11785052011597,2.13435148955759,40,TRUE,TRUE,"Sims",10000,1952
"463",7,4,4.26711613856333,4.29934777127674,40,TRUE,TRUE,"Sims",10000,1952
"464",7,4,4.0311945890987,4.11593639921658,40,TRUE,TRUE,"Sims",10000,1952
"465",7,5,4.43068597262785,4.43666632747553,40,TRUE,TRUE,"Sims",10000,1952
"466",7,6,2.39172107578323,2.46233226991492,40,TRUE,TRUE,"Sims",10000,1952
"467",7,6,3.51379665079587,3.51734845823022,40,TRUE,TRUE,"Sims",10000,1952
"468",7,6,3.90619351736752,3.94051216274797,40,TRUE,TRUE,"Sims",10000,1952
"469",7,6,4.80411317813576,4.86411962306015,40,TRUE,TRUE,"Sims",10000,1952
"470",7,6,3.40470824172061,3.54487073730068,40,TRUE,TRUE,"Sims",10000,1952
"471",7,7,2.11625696700451,2.13401220058625,40,TRUE,TRUE,"Sims",10000,1952
"472",7,7,3.75024154835198,3.82529157740474,40,TRUE,TRUE,"Sims",10000,1952
"473",7,7,3.87922613076944,3.96020372119751,40,TRUE,TRUE,"Sims",10000,1952
"474",7,8,2.9768822867894,2.98571633285115,40,TRUE,TRUE,"Sims",10000,1952
"475",7,9,3.90049248710552,3.93572772944996,40,TRUE,TRUE,"Sims",10000,1952
"476",7,9,4.44719731462149,4.45800804672236,40,TRUE,TRUE,"Sims",10000,1952
"477",7,9,3.17035746784975,3.21902072414624,40,TRUE,TRUE,"Sims",10000,1952
"478",7,9,4.50594681679137,4.51008032167505,40,TRUE,TRUE,"Sims",10000,1952
"479",7,9,3.43745342678866,3.43964820637882,40,TRUE,TRUE,"Sims",10000,1952
"480",7,9,3.40734066651186,3.47780662810546,40,TRUE,TRUE,"Sims",10000,1952
"481",7,9,1.48479493494083,1.49294457891781,40,TRUE,TRUE,"Sims",10000,1952
"482",7,10,2.62308751010515,2.72287360756119,40,TRUE,TRUE,"Sims",10000,1952
"483",7,11,4.64195992341797,4.74772724840621,40,TRUE,TRUE,"Sims",10000,1952
"484",7,11,4.80958247779839,4.81210464637246,40,TRUE,TRUE,"Sims",10000,1952
"485",7,12,4.21381221727827,4.21493307826653,40,TRUE,TRUE,"Sims",10000,1952
"486",7,13,3.15043713041898,3.28927399376019,40,TRUE,TRUE,"Sims",10000,1952
"487",7,14,3.88326105125592,3.90133221276457,40,TRUE,TRUE,"Sims",10000,1952
"488",7,14,1.05361104880005,1.14280736272939,40,TRUE,TRUE,"Sims",10000,1952
"489",7,14,4.32039827496336,4.37065471762358,40,TRUE,TRUE,"Sims",10000,1952
"490",7,14,4.59171965632689,4.59264371787023,40,TRUE,TRUE,"Sims",10000,1952
"491",7,15,2.16292053493808,2.30937503950288,40,TRUE,TRUE,"Sims",10000,1952
"492",7,16,4.10586593909635,4.20807596127739,40,TRUE,TRUE,"Sims",10000,1952
"493",7,16,4.09978116356673,4.15582695999049,40,TRUE,TRUE,"Sims",10000,1952
"494",7,17,4.75671236286298,4.83822754861505,40,TRUE,TRUE,"Sims",10000,1952
"495",7,17,4.26711860662828,4.26758924942735,40,TRUE,TRUE,"Sims",10000,1952
"496",7,17,4.48463442591915,4.50861266995981,40,TRUE,TRUE,"Sims",10000,1952
"497",7,17,0.862454794856161,0.867361049485498,40,TRUE,TRUE,"Sims",10000,1952
"498",7,18,2.07715300399403,2.19299613319983,40,TRUE,TRUE,"Sims",10000,1952
"499",7,18,4.88364615774765,4.93306885406155,40,TRUE,TRUE,"Sims",10000,1952
"500",7,20,4.93049044018529,4.98515175111305,40,TRUE,TRUE,"Sims",10000,1952
"501",7,20,1.79919949681847,1.82339987638494,40,TRUE,TRUE,"Sims",10000,1952
"502",7,20,2.87240014309431,2.95812776241026,40,TRUE,TRUE,"Sims",10000,1952
"503",7,22,2.58279623256813,2.70541268996005,40,TRUE,TRUE,"Sims",10000,1952
"504",7,22,4.30795634836135,4.40473510445878,40,TRUE,TRUE,"Sims",10000,1952
"505",7,23,1.63397074757615,1.74057607909194,40,TRUE,TRUE,"Sims",10000,1952
"506",7,24,1.31808713691362,1.35641857502313,40,TRUE,TRUE,"Sims",10000,1952
"507",7,24,4.6232841516622,4.66173841863088,40,TRUE,TRUE,"Sims",10000,1952
"508",7,25,4.14333047789481,4.14337500026493,40,TRUE,TRUE,"Sims",10000,1952
"509",7,25,4.59339163185317,4.67385913965061,40,TRUE,TRUE,"Sims",10000,1952
"510",7,26,4.19391375232099,4.25004151457048,40,TRUE,TRUE,"Sims",10000,1952
"511",7,26,2.77418117510686,2.89379047458863,40,TRUE,TRUE,"Sims",10000,1952
"512",7,26,4.97236374557547,4.97427907217821,40,TRUE,TRUE,"Sims",10000,1952
"513",7,27,2.17917725482717,2.21331313398953,40,TRUE,TRUE,"Sims",10000,1952
"514",7,27,4.4255377296975,4.45057129066828,40,TRUE,TRUE,"Sims",10000,1952
"515",7,29,4.3550210939573,4.35530886622731,40,TRUE,TRUE,"Sims",10000,1952
"516",7,30,3.8279542793952,3.89566402039177,40,TRUE,TRUE,"Sims",10000,1952
"517",7,30,3.11797021079789,3.16577350889405,40,TRUE,TRUE,"Sims",10000,1952
"518",7,31,1.23037222244037,1.30793535798803,40,TRUE,TRUE,"Sims",10000,1952
"519",7,32,3.00519754342138,3.03564674062188,40,TRUE,TRUE,"Sims",10000,1952
"520",7,34,2.50737306867481,2.5226537356292,40,TRUE,TRUE,"Sims",10000,1952
"521",7,34,2.22996062411194,2.32325087535841,40,TRUE,TRUE,"Sims",10000,1952
"522",7,34,4.46651272147012,4.49122159125231,40,TRUE,TRUE,"Sims",10000,1952
"523",7,35,4.13743384422495,4.24312358405896,40,TRUE,TRUE,"Sims",10000,1952
"524",7,35,4.51964271358071,4.55249945908177,40,TRUE,TRUE,"Sims",10000,1952
"525",7,36,3.24521577620851,3.38922849564504,40,TRUE,TRUE,"Sims",10000,1952
"526",7,36,4.11510561518064,4.19921173609208,40,TRUE,TRUE,"Sims",10000,1952
"527",7,36,3.28861693278455,3.35146520143945,40,TRUE,TRUE,"Sims",10000,1952
"528",7,37,1.45880660376785,1.62820216038897,40,TRUE,TRUE,"Sims",10000,1952
"529",7,37,3.27112879514876,3.39573038137089,40,TRUE,TRUE,"Sims",10000,1952
"530",7,37,4.57278325511023,4.57373940526228,40,TRUE,TRUE,"Sims",10000,1952
"531",7,38,4.5438288315931,4.5575306060404,40,TRUE,TRUE,"Sims",10000,1952
"532",7,38,4.0495655304352,4.09678623221853,40,TRUE,TRUE,"Sims",10000,1952
"533",7,39,4.13114074535793,4.13230649937889,40,TRUE,TRUE,"Sims",10000,1952
"534",7,39,4.42162653619865,4.42533886504166,40,TRUE,TRUE,"Sims",10000,1952
"535",7,39,4.73234580374545,4.8043039026975,40,TRUE,TRUE,"Sims",10000,1952
"536",7,40,4.16934709101071,4.18274668529074,40,TRUE,TRUE,"Sims",10000,1952
"537",7,40,3.43332195509449,3.46764947684576,40,TRUE,TRUE,"Sims",10000,1952
"538",8,1,1.98360065743679,1.9841816268742,40,TRUE,TRUE,"Sims",10000,1952
"539",8,1,4.77664037964524,4.83882441211308,40,TRUE,TRUE,"Sims",10000,1952
"540",8,1,3.33175255182192,3.43501873781147,40,TRUE,TRUE,"Sims",10000,1952
"541",8,3,4.99887565417919,5.03136512599618,40,TRUE,TRUE,"Sims",10000,1952
"542",8,3,3.83972123030167,3.8516493678643,40,TRUE,TRUE,"Sims",10000,1952
"543",8,3,3.93948457906931,3.99702445451438,40,TRUE,TRUE,"Sims",10000,1952
"544",8,4,3.37731704559767,3.46107945447308,40,TRUE,TRUE,"Sims",10000,1952
"545",8,4,4.83569882924516,4.93460541919624,40,TRUE,TRUE,"Sims",10000,1952
"546",8,4,4.65997905296319,4.66025705111441,40,TRUE,TRUE,"Sims",10000,1952
"547",8,6,1.55835934924946,1.60150773392384,40,TRUE,TRUE,"Sims",10000,1952
"548",8,6,3.72880417435093,3.77677377533864,40,TRUE,TRUE,"Sims",10000,1952
"549",8,7,3.2741225529929,3.36950719910963,40,TRUE,TRUE,"Sims",10000,1952
"550",8,7,4.16747676652126,4.16942947569951,40,TRUE,TRUE,"Sims",10000,1952
"551",8,8,3.48146826637877,3.4847481168243,40,TRUE,TRUE,"Sims",10000,1952
"552",8,8,3.6760814231588,3.69032487634173,40,TRUE,TRUE,"Sims",10000,1952
"553",8,9,4.18179731859156,4.20481580872553,40,TRUE,TRUE,"Sims",10000,1952
"554",8,10,1.57660881465168,1.57663441472643,40,TRUE,TRUE,"Sims",10000,1952
"555",8,10,3.13896179719965,3.28341717016494,40,TRUE,TRUE,"Sims",10000,1952
"556",8,11,1.87537528223198,1.92958387419613,40,TRUE,TRUE,"Sims",10000,1952
"557",8,11,4.26442500688922,4.27756383980703,40,TRUE,TRUE,"Sims",10000,1952
"558",8,12,1.65790948465185,1.83269796630762,40,TRUE,TRUE,"Sims",10000,1952
"559",8,12,1.54623649256546,1.60451343988353,40,TRUE,TRUE,"Sims",10000,1952
"560",8,12,1.13488158159464,1.13602254055483,40,TRUE,TRUE,"Sims",10000,1952
"561",8,12,3.78831127509659,3.87078026943296,40,TRUE,TRUE,"Sims",10000,1952
"562",8,13,4.80291970976798,4.83582975816519,40,TRUE,TRUE,"Sims",10000,1952
"563",8,13,3.85286584823167,3.8915534464383,40,TRUE,TRUE,"Sims",10000,1952
"564",8,13,1.71065506057348,1.71804022295293,40,TRUE,TRUE,"Sims",10000,1952
"565",8,14,4.49052380021065,4.4976698313969,40,TRUE,TRUE,"Sims",10000,1952
"566",8,14,3.8772592789837,3.88093506414826,40,TRUE,TRUE,"Sims",10000,1952
"567",8,14,4.94581876749652,4.95707375291531,40,TRUE,TRUE,"Sims",10000,1952
"568",8,14,1.44565104588247,1.47031126916268,40,TRUE,TRUE,"Sims",10000,1952
"569",8,15,3.4892453466006,3.50518045180202,40,TRUE,TRUE,"Sims",10000,1952
"570",8,15,4.01265682648003,4.02619275449804,40,TRUE,TRUE,"Sims",10000,1952
"571",8,16,4.02168145242912,4.04930750993975,40,TRUE,TRUE,"Sims",10000,1952
"572",8,17,3.92690388854185,3.9271973861886,40,TRUE,TRUE,"Sims",10000,1952
"573",8,18,2.37924763104644,2.47899051175171,40,TRUE,TRUE,"Sims",10000,1952
"574",8,18,4.79239209832273,4.84331916604538,40,TRUE,TRUE,"Sims",10000,1952
"575",8,18,4.4517095649505,4.53306734883625,40,TRUE,TRUE,"Sims",10000,1952
"576",8,19,2.20811269310014,2.3550482863653,40,TRUE,TRUE,"Sims",10000,1952
"577",8,19,2.12536768675379,2.15853199028093,40,TRUE,TRUE,"Sims",10000,1952
"578",8,20,1.97223374699395,2.16998645294805,40,TRUE,TRUE,"Sims",10000,1952
"579",8,20,3.67223552897286,3.69754408009752,40,TRUE,TRUE,"Sims",10000,1952
"580",8,20,3.63096670488601,3.64923352559912,40,TRUE,TRUE,"Sims",10000,1952
"581",8,20,4.13972422719363,4.20696408270996,40,TRUE,TRUE,"Sims",10000,1952
"582",8,21,3.76430017552604,3.76448642178425,40,TRUE,TRUE,"Sims",10000,1952
"583",8,21,4.17776208338998,4.19265193344556,40,TRUE,TRUE,"Sims",10000,1952
"584",8,21,4.21525932137367,4.25999115786459,40,TRUE,TRUE,"Sims",10000,1952
"585",8,21,2.80128249466317,2.81126509336239,40,TRUE,TRUE,"Sims",10000,1952
"586",8,22,4.09081040563384,4.09629940315601,40,TRUE,TRUE,"Sims",10000,1952
"587",8,22,4.06036523791473,4.06925491960911,40,TRUE,TRUE,"Sims",10000,1952
"588",8,22,4.74905867497123,4.76715122393277,40,TRUE,TRUE,"Sims",10000,1952
"589",8,23,4.95797407018677,4.95807195088562,40,TRUE,TRUE,"Sims",10000,1952
"590",8,23,2.30134240404392,2.32953869029875,40,TRUE,TRUE,"Sims",10000,1952
"591",8,24,2.46284171089568,2.50763193454377,40,TRUE,TRUE,"Sims",10000,1952
"592",8,24,3.98553306366246,3.99594664595925,40,TRUE,TRUE,"Sims",10000,1952
"593",8,25,4.31034551706185,4.40434032854541,40,TRUE,TRUE,"Sims",10000,1952
"594",8,25,3.80925192743095,3.91823583609012,40,TRUE,TRUE,"Sims",10000,1952
"595",8,26,2.3022303180765,2.30253706970299,40,TRUE,TRUE,"Sims",10000,1952
"596",8,27,3.80400316546239,3.87453600221901,40,TRUE,TRUE,"Sims",10000,1952
"597",8,27,2.64944339691578,2.81483184196136,40,TRUE,TRUE,"Sims",10000,1952
"598",8,28,4.72535604777433,4.72814316801975,40,TRUE,TRUE,"Sims",10000,1952
"599",8,28,3.74122222141249,3.81291658178277,40,TRUE,TRUE,"Sims",10000,1952
"600",8,28,1.46402214661639,1.52168766154802,40,TRUE,TRUE,"Sims",10000,1952
"601",8,29,3.63460907930232,3.6484329401079,40,TRUE,TRUE,"Sims",10000,1952
"602",8,29,2.09039935760283,2.1230689142438,40,TRUE,TRUE,"Sims",10000,1952
"603",8,29,3.08352070467802,3.10154104391657,40,TRUE,TRUE,"Sims",10000,1952
"604",8,29,3.59342308199541,3.72611476380921,40,TRUE,TRUE,"Sims",10000,1952
"605",8,30,4.32764808977345,4.36333859186078,40,TRUE,TRUE,"Sims",10000,1952
"606",8,31,4.80249448921141,4.84792201253025,40,TRUE,TRUE,"Sims",10000,1952
"607",8,32,4.55895358591006,4.66485541675547,40,TRUE,TRUE,"Sims",10000,1952
"608",8,32,3.73569690282754,3.74720141254746,40,TRUE,TRUE,"Sims",10000,1952
"609",8,33,3.93280900416577,3.98122977591352,40,TRUE,TRUE,"Sims",10000,1952
"610",8,33,2.64039321734347,2.78858963213765,40,TRUE,TRUE,"Sims",10000,1952
"611",8,34,4.48323681265257,4.5796604011402,40,TRUE,TRUE,"Sims",10000,1952
"612",8,34,4.69806401822252,4.75664114611588,40,TRUE,TRUE,"Sims",10000,1952
"613",8,34,3.70131974618542,3.77924133558307,40,TRUE,TRUE,"Sims",10000,1952
"614",8,35,4.77189032120117,4.79060645350708,40,TRUE,TRUE,"Sims",10000,1952
"615",8,35,2.97859529736077,2.99615637254017,40,TRUE,TRUE,"Sims",10000,1952
"616",8,35,3.11845699612717,3.12151006826686,40,TRUE,TRUE,"Sims",10000,1952
"617",8,36,4.7607799348108,4.76840448334478,40,TRUE,TRUE,"Sims",10000,1952
"618",8,36,3.79376827565587,3.82513566100172,40,TRUE,TRUE,"Sims",10000,1952
"619",8,37,3.54927800386188,3.61480938252063,40,TRUE,TRUE,"Sims",10000,1952
"620",8,37,0.990395060483742,1.05700239371514,40,TRUE,TRUE,"Sims",10000,1952
"621",8,38,1.79327700803686,1.91586185225691,40,TRUE,TRUE,"Sims",10000,1952
"622",8,40,4.26842467332154,4.33358082991805,40,TRUE,TRUE,"Sims",10000,1952
"623",8,40,2.98778703222945,2.99107600054755,40,TRUE,TRUE,"Sims",10000,1952
"624",8,40,4.00866682475695,4.10643021714522,40,TRUE,TRUE,"Sims",10000,1952
"625",9,1,3.93699312743441,4.04768246876023,40,TRUE,TRUE,"Sims",10000,1952
"626",9,2,4.37928200418648,4.38873375603639,40,TRUE,TRUE,"Sims",10000,1952
"627",9,3,2.71569721769856,2.73091275719263,40,TRUE,TRUE,"Sims",10000,1952
"628",9,3,4.69707446305141,4.69824202616562,40,TRUE,TRUE,"Sims",10000,1952
"629",9,3,3.92472806677579,3.92576623932774,40,TRUE,TRUE,"Sims",10000,1952
"630",9,4,3.38891907386432,3.41732666361153,40,TRUE,TRUE,"Sims",10000,1952
"631",9,4,3.82465082307888,3.8724088766625,40,TRUE,TRUE,"Sims",10000,1952
"632",9,4,4.56269008286885,4.62727101184383,40,TRUE,TRUE,"Sims",10000,1952
"633",9,4,1.51562368045808,1.52418999751817,40,TRUE,TRUE,"Sims",10000,1952
"634",9,5,4.579189637366,4.65128809642964,40,TRUE,TRUE,"Sims",10000,1952
"635",9,5,2.85145149348994,3.01101274552542,40,TRUE,TRUE,"Sims",10000,1952
"636",9,5,3.20686238945273,3.23347031478655,40,TRUE,TRUE,"Sims",10000,1952
"637",9,5,3.48195387251828,3.49371764726381,40,TRUE,TRUE,"Sims",10000,1952
"638",9,5,2.84352550790238,2.85808877358314,40,TRUE,TRUE,"Sims",10000,1952
"639",9,5,3.44250952699583,3.48876732863009,40,TRUE,TRUE,"Sims",10000,1952
"640",9,6,4.65285105974215,4.6617654496697,40,TRUE,TRUE,"Sims",10000,1952
"641",9,6,3.48499601434427,3.56675494437507,40,TRUE,TRUE,"Sims",10000,1952
"642",9,7,3.7404921881556,3.76620883398434,40,TRUE,TRUE,"Sims",10000,1952
"643",9,7,2.09008259379492,2.30342789523924,40,TRUE,TRUE,"Sims",10000,1952
"644",9,7,2.33341209752435,2.3365283245255,40,TRUE,TRUE,"Sims",10000,1952
"645",9,8,3.828110176676,3.82830105701913,40,TRUE,TRUE,"Sims",10000,1952
"646",9,8,4.99814353561684,5.04096837010501,40,TRUE,TRUE,"Sims",10000,1952
"647",9,8,2.49354241678028,2.49810846486359,40,TRUE,TRUE,"Sims",10000,1952
"648",9,8,4.43901796966548,4.44065683536231,40,TRUE,TRUE,"Sims",10000,1952
"649",9,9,1.73507589729297,1.82941355221242,40,TRUE,TRUE,"Sims",10000,1952
"650",9,9,3.83795524908008,3.89488205286324,40,TRUE,TRUE,"Sims",10000,1952
"651",9,9,2.99501226359467,3.01147371484306,40,TRUE,TRUE,"Sims",10000,1952
"652",9,9,4.39259729818988,4.39659897069607,40,TRUE,TRUE,"Sims",10000,1952
"653",9,10,4.22433381294756,4.22444484988001,40,TRUE,TRUE,"Sims",10000,1952
"654",9,10,2.84529622008608,2.87491325395574,40,TRUE,TRUE,"Sims",10000,1952
"655",9,10,2.96366743482719,2.96751019917301,40,TRUE,TRUE,"Sims",10000,1952
"656",9,10,4.16174598323623,4.20782922822024,40,TRUE,TRUE,"Sims",10000,1952
"657",9,12,2.62873966543136,2.74852164145111,40,TRUE,TRUE,"Sims",10000,1952
"658",9,13,2.34623446083315,2.46652628184778,40,TRUE,TRUE,"Sims",10000,1952
"659",9,13,4.99887679684326,5.06120064342707,40,TRUE,TRUE,"Sims",10000,1952
"660",9,13,4.0856212129225,4.09713306127923,40,TRUE,TRUE,"Sims",10000,1952
"661",9,14,2.48457860472077,2.52362887023448,40,TRUE,TRUE,"Sims",10000,1952
"662",9,15,2.05267782124719,2.05966424073514,40,TRUE,TRUE,"Sims",10000,1952
"663",9,16,3.29470701408682,3.30855743209076,40,TRUE,TRUE,"Sims",10000,1952
"664",9,16,1.80200150829276,1.81839183008028,40,TRUE,TRUE,"Sims",10000,1952
"665",9,16,3.30532745438895,3.32656864887102,40,TRUE,TRUE,"Sims",10000,1952
"666",9,16,2.8852618801893,2.88761510559143,40,TRUE,TRUE,"Sims",10000,1952
"667",9,17,4.95053708928101,4.95136018080433,40,TRUE,TRUE,"Sims",10000,1952
"668",9,17,4.65203604306161,4.66408309426267,40,TRUE,TRUE,"Sims",10000,1952
"669",9,17,2.47026062025333,2.57000240092462,40,TRUE,TRUE,"Sims",10000,1952
"670",9,18,4.87165920331858,4.88191922319797,40,TRUE,TRUE,"Sims",10000,1952
"671",9,18,4.9618142178847,4.96263543900925,40,TRUE,TRUE,"Sims",10000,1952
"672",9,18,1.96276304457497,2.04835489184414,40,TRUE,TRUE,"Sims",10000,1952
"673",9,20,4.42784971913052,4.43998919852384,40,TRUE,TRUE,"Sims",10000,1952
"674",9,21,1.33117548774784,1.33280147582348,40,TRUE,TRUE,"Sims",10000,1952
"675",9,21,3.94461668213746,3.94748811144093,40,TRUE,TRUE,"Sims",10000,1952
"676",9,22,2.28912140734318,2.31108932101132,40,TRUE,TRUE,"Sims",10000,1952
"677",9,22,3.35767244170719,3.40785527199221,40,TRUE,TRUE,"Sims",10000,1952
"678",9,22,1.50809114817527,1.65772963667496,40,TRUE,TRUE,"Sims",10000,1952
"679",9,23,0.588630272392131,0.591889120452557,40,TRUE,TRUE,"Sims",10000,1952
"680",9,23,4.46912311751392,4.54279214872521,40,TRUE,TRUE,"Sims",10000,1952
"681",9,23,3.72238818060228,3.72259815209157,40,TRUE,TRUE,"Sims",10000,1952
"682",9,24,4.38622841126531,4.42453573072266,40,TRUE,TRUE,"Sims",10000,1952
"683",9,24,2.90094070171026,2.98005786945006,40,TRUE,TRUE,"Sims",10000,1952
"684",9,25,3.35632192375836,3.4932203733039,40,TRUE,TRUE,"Sims",10000,1952
"685",9,25,2.16702094274474,2.19151125751973,40,TRUE,TRUE,"Sims",10000,1952
"686",9,25,2.78821544530302,2.78935159770566,40,TRUE,TRUE,"Sims",10000,1952
"687",9,25,2.51218105381486,2.60802073750626,40,TRUE,TRUE,"Sims",10000,1952
"688",9,26,4.25159453381561,4.27247747114622,40,TRUE,TRUE,"Sims",10000,1952
"689",9,26,4.61252701675238,4.62845495208609,40,TRUE,TRUE,"Sims",10000,1952
"690",9,27,4.39336033032526,4.39340713708368,40,TRUE,TRUE,"Sims",10000,1952
"691",9,28,2.95468265270619,3.05920619195674,40,TRUE,TRUE,"Sims",10000,1952
"692",9,29,4.41069585009313,4.41928759365403,40,TRUE,TRUE,"Sims",10000,1952
"693",9,29,4.38566189218147,4.41290182470684,40,TRUE,TRUE,"Sims",10000,1952
"694",9,29,4.62248628265274,4.63048245832672,40,TRUE,TRUE,"Sims",10000,1952
"695",9,29,0.822507064047291,0.891235979930507,40,TRUE,TRUE,"Sims",10000,1952
"696",9,30,4.67046047492671,4.67800447693353,40,TRUE,TRUE,"Sims",10000,1952
"697",9,30,3.55851461572641,3.58198800841287,40,TRUE,TRUE,"Sims",10000,1952
"698",9,30,4.9522977880682,4.95840107841319,40,TRUE,TRUE,"Sims",10000,1952
"699",9,31,4.15911204266718,4.19784317840916,40,TRUE,TRUE,"Sims",10000,1952
"700",9,32,3.57555195074701,3.57617559310947,40,TRUE,TRUE,"Sims",10000,1952
"701",9,32,4.98918685388136,5.03052325667928,40,TRUE,TRUE,"Sims",10000,1952
"702",9,32,4.39281067208978,4.43989805793227,40,TRUE,TRUE,"Sims",10000,1952
"703",9,33,4.91757319840753,4.94704629364647,40,TRUE,TRUE,"Sims",10000,1952
"704",9,34,2.12764038235551,2.12812767880663,40,TRUE,TRUE,"Sims",10000,1952
"705",9,34,3.31864686772287,3.32643155598821,40,TRUE,TRUE,"Sims",10000,1952
"706",9,34,4.43308103461359,4.54214608760622,40,TRUE,TRUE,"Sims",10000,1952
"707",9,34,4.62761796735019,4.66809707410225,40,TRUE,TRUE,"Sims",10000,1952
"708",9,35,4.0185279838564,4.11791225399597,40,TRUE,TRUE,"Sims",10000,1952
"709",9,35,4.06936405604038,4.13238478033906,40,TRUE,TRUE,"Sims",10000,1952
"710",9,36,3.87079730604526,3.88148745890915,40,TRUE,TRUE,"Sims",10000,1952
"711",9,36,1.83221665643609,1.83255391489629,40,TRUE,TRUE,"Sims",10000,1952
"712",9,37,3.05459041787315,3.20212122212781,40,TRUE,TRUE,"Sims",10000,1952
"713",9,37,2.72044404629395,2.76687431820268,40,TRUE,TRUE,"Sims",10000,1952
"714",9,38,4.26561663290111,4.35963206370252,40,TRUE,TRUE,"Sims",10000,1952
"715",9,38,2.16921030770431,2.3207880289847,40,TRUE,TRUE,"Sims",10000,1952
"716",9,39,2.33434767358239,2.42143714232024,40,TRUE,TRUE,"Sims",10000,1952
"717",9,39,1.8094462968405,1.97942938417927,40,TRUE,TRUE,"Sims",10000,1952
"718",9,39,1.86650087474238,1.92695254542255,40,TRUE,TRUE,"Sims",10000,1952
"719",9,40,3.81894437065129,3.82897435050725,40,TRUE,TRUE,"Sims",10000,1952
"720",9,40,3.65758761625287,3.76674450938975,40,TRUE,TRUE,"Sims",10000,1952
"721",10,1,4.37014560761092,4.41362436233995,40,TRUE,TRUE,"Sims",10000,1952
"722",10,1,4.34335011859328,4.35148548266694,40,TRUE,TRUE,"Sims",10000,1952
"723",10,1,3.56706355671631,3.60282040566395,40,TRUE,TRUE,"Sims",10000,1952
"724",10,2,2.2013923507513,2.38248156187692,40,TRUE,TRUE,"Sims",10000,1952
"725",10,2,2.3247619390979,2.46812318714821,40,TRUE,TRUE,"Sims",10000,1952
"726",10,2,3.48990727401659,3.53071275196169,40,TRUE,TRUE,"Sims",10000,1952
"727",10,3,3.08909562479481,3.11515766981763,40,TRUE,TRUE,"Sims",10000,1952
"728",10,3,2.86878831601896,3.00998945394565,40,TRUE,TRUE,"Sims",10000,1952
"729",10,4,4.29419832724874,4.2942330503579,40,TRUE,TRUE,"Sims",10000,1952
"730",10,4,2.64745507427421,2.71838272041847,40,TRUE,TRUE,"Sims",10000,1952
"731",10,4,3.29220568683986,3.34309140102553,40,TRUE,TRUE,"Sims",10000,1952
"732",10,4,2.51791304775758,2.56263590166145,40,TRUE,TRUE,"Sims",10000,1952
"733",10,5,4.41699516942631,4.41872487930082,40,TRUE,TRUE,"Sims",10000,1952
"734",10,5,4.98943598820126,4.99965990550348,40,TRUE,TRUE,"Sims",10000,1952
"735",10,6,2.96519258008719,2.99830699978383,40,TRUE,TRUE,"Sims",10000,1952
"736",10,6,4.17563781026632,4.18784894819128,40,TRUE,TRUE,"Sims",10000,1952
"737",10,7,2.83821385538701,2.88334362884491,40,TRUE,TRUE,"Sims",10000,1952
"738",10,8,1.87668324466393,1.87780095923999,40,TRUE,TRUE,"Sims",10000,1952
"739",10,8,4.50437459208329,4.52499009274191,40,TRUE,TRUE,"Sims",10000,1952
"740",10,8,4.56368657285319,4.57593157763878,40,TRUE,TRUE,"Sims",10000,1952
"741",10,8,2.63408226477422,2.80915119553832,40,TRUE,TRUE,"Sims",10000,1952
"742",10,8,3.64291148719577,3.65082106558802,40,TRUE,TRUE,"Sims",10000,1952
"743",10,9,1.91844761710274,1.9272666473821,40,TRUE,TRUE,"Sims",10000,1952
"744",10,9,4.27328131314347,4.34626663672246,40,TRUE,TRUE,"Sims",10000,1952
"745",10,11,4.32031357773744,4.42676291860001,40,TRUE,TRUE,"Sims",10000,1952
"746",10,11,4.86366614585644,4.86769735565721,40,TRUE,TRUE,"Sims",10000,1952
"747",10,11,4.63982010360753,4.69851860354944,40,TRUE,TRUE,"Sims",10000,1952
"748",10,12,2.60116592574299,2.62982997442435,40,TRUE,TRUE,"Sims",10000,1952
"749",10,12,2.58982556935244,2.73549437179868,40,TRUE,TRUE,"Sims",10000,1952
"750",10,12,3.58542592273312,3.65132579614593,40,TRUE,TRUE,"Sims",10000,1952
"751",10,12,1.66260725193997,1.67436317509836,40,TRUE,TRUE,"Sims",10000,1952
"752",10,13,3.34843324270026,3.46532374976186,40,TRUE,TRUE,"Sims",10000,1952
"753",10,14,3.94321974649425,3.95217884493085,40,TRUE,TRUE,"Sims",10000,1952
"754",10,15,4.13127632356578,4.17211707078727,40,TRUE,TRUE,"Sims",10000,1952
"755",10,15,3.76345057515367,3.78764748518713,40,TRUE,TRUE,"Sims",10000,1952
"756",10,15,3.5217060618383,3.56214729364461,40,TRUE,TRUE,"Sims",10000,1952
"757",10,16,4.07053758043743,4.11979112359289,40,TRUE,TRUE,"Sims",10000,1952
"758",10,16,2.50469352459377,2.66324833594271,40,TRUE,TRUE,"Sims",10000,1952
"759",10,17,3.34002186250618,3.34137334211438,40,TRUE,TRUE,"Sims",10000,1952
"760",10,17,3.53859595343907,3.62002189644938,40,TRUE,TRUE,"Sims",10000,1952
"761",10,17,2.57462864072009,2.60987085466621,40,TRUE,TRUE,"Sims",10000,1952
"762",10,18,4.68951829423101,4.69121005787244,40,TRUE,TRUE,"Sims",10000,1952
"763",10,19,4.74367036879756,4.778694914871,40,TRUE,TRUE,"Sims",10000,1952
"764",10,20,4.53859565093745,4.58914162260232,40,TRUE,TRUE,"Sims",10000,1952
"765",10,20,4.9588764473513,5.02768034122655,40,TRUE,TRUE,"Sims",10000,1952
"766",10,20,4.06397732441648,4.06654470785986,40,TRUE,TRUE,"Sims",10000,1952
"767",10,20,4.12708647885131,4.13260527324001,40,TRUE,TRUE,"Sims",10000,1952
"768",10,21,3.00781851262896,3.02690300198604,40,TRUE,TRUE,"Sims",10000,1952
"769",10,21,4.37835774229095,4.37871964200272,40,TRUE,TRUE,"Sims",10000,1952
"770",10,21,3.39076190490745,3.40502165802737,40,TRUE,TRUE,"Sims",10000,1952
"771",10,21,1.17554431110043,1.28681752076943,40,TRUE,TRUE,"Sims",10000,1952
"772",10,22,4.22813125279661,4.33558729426762,40,TRUE,TRUE,"Sims",10000,1952
"773",10,22,4.64194236307884,4.64428846321399,40,TRUE,TRUE,"Sims",10000,1952
"774",10,23,3.42748005797373,3.45239991399101,40,TRUE,TRUE,"Sims",10000,1952
"775",10,23,3.08173400581746,3.09338911485704,40,TRUE,TRUE,"Sims",10000,1952
"776",10,23,4.68095499040255,4.77855161468121,40,TRUE,TRUE,"Sims",10000,1952
"777",10,24,3.93675672224029,3.94904643807572,40,TRUE,TRUE,"Sims",10000,1952
"778",10,25,2.49633220301579,2.51762223126105,40,TRUE,TRUE,"Sims",10000,1952
"779",10,26,4.79754055911573,4.83626678137919,40,TRUE,TRUE,"Sims",10000,1952
"780",10,26,2.73460734570574,2.75405602098324,40,TRUE,TRUE,"Sims",10000,1952
"781",10,27,4.26614391000317,4.26869655612269,40,TRUE,TRUE,"Sims",10000,1952
"782",10,28,2.1205238326453,2.12217501115604,40,TRUE,TRUE,"Sims",10000,1952
"783",10,28,4.11605793259901,4.12032818954655,40,TRUE,TRUE,"Sims",10000,1952
"784",10,28,2.1818874752747,2.25042255951901,40,TRUE,TRUE,"Sims",10000,1952
"785",10,29,2.83136908506773,2.84143955216592,40,TRUE,TRUE,"Sims",10000,1952
"786",10,31,4.60957334121662,4.61830491198507,40,TRUE,TRUE,"Sims",10000,1952
"787",10,32,4.96945421153402,5.04464710480403,40,TRUE,TRUE,"Sims",10000,1952
"788",10,32,1.92234693564372,2.00648298748444,40,TRUE,TRUE,"Sims",10000,1952
"789",10,32,4.28323799196456,4.34467205018979,40,TRUE,TRUE,"Sims",10000,1952
"790",10,32,3.09425746194458,3.14296006694823,40,TRUE,TRUE,"Sims",10000,1952
"791",10,33,1.42829380231172,1.53966860843747,40,TRUE,TRUE,"Sims",10000,1952
"792",10,33,2.42266971847394,2.53610998301776,40,TRUE,TRUE,"Sims",10000,1952
"793",10,33,3.77567333701248,3.80911308312492,40,TRUE,TRUE,"Sims",10000,1952
"794",10,36,3.43693636691355,3.55564645331198,40,TRUE,TRUE,"Sims",10000,1952
"795",10,36,2.74047318975972,2.74462846697554,40,TRUE,TRUE,"Sims",10000,1952
"796",10,38,2.29452156052505,2.36235601461562,40,TRUE,TRUE,"Sims",10000,1952
"797",10,38,4.25786757562195,4.29650934243352,40,TRUE,TRUE,"Sims",10000,1952
"798",10,38,0.780420730621542,0.861418962613268,40,TRUE,TRUE,"Sims",10000,1952
"799",10,38,4.70236301182654,4.75708907913346,40,TRUE,TRUE,"Sims",10000,1952
"800",10,40,3.78632734267928,3.80013038850809,40,TRUE,TRUE,"Sims",10000,1952
"801",10,40,1.61934508875642,1.76315422552362,40,TRUE,TRUE,"Sims",10000,1952
"802",11,1,3.36385173898609,3.45613633071444,40,TRUE,TRUE,"Sims",10000,1952
"803",11,1,2.81581950885549,2.89629637471909,40,TRUE,TRUE,"Sims",10000,1952
"804",11,1,4.94029727807742,5.03771005277675,40,TRUE,TRUE,"Sims",10000,1952
"805",11,1,2.50290105590876,2.52885099296446,40,TRUE,TRUE,"Sims",10000,1952
"806",11,2,4.35143541573099,4.35697489927493,40,TRUE,TRUE,"Sims",10000,1952
"807",11,2,3.63649146087231,3.63658906503897,40,TRUE,TRUE,"Sims",10000,1952
"808",11,2,2.42390311462531,2.43345058271825,40,TRUE,TRUE,"Sims",10000,1952
"809",11,2,1.97270377481634,2.11780230482469,40,TRUE,TRUE,"Sims",10000,1952
"810",11,3,4.17712783113552,4.19849614415176,40,TRUE,TRUE,"Sims",10000,1952
"811",11,3,4.10889205627918,4.12113630211148,40,TRUE,TRUE,"Sims",10000,1952
"812",11,5,4.53052532403023,4.54940714049608,40,TRUE,TRUE,"Sims",10000,1952
"813",11,5,4.88546514298594,4.89070995261468,40,TRUE,TRUE,"Sims",10000,1952
"814",11,6,4.22639225897373,4.27690048821205,40,TRUE,TRUE,"Sims",10000,1952
"815",11,6,1.83165742430856,1.96790435027751,40,TRUE,TRUE,"Sims",10000,1952
"816",11,6,4.96786559995053,5.04549910060231,40,TRUE,TRUE,"Sims",10000,1952
"817",11,7,1.96848935974082,2.0134356990535,40,TRUE,TRUE,"Sims",10000,1952
"818",11,7,2.89940818080237,2.90906701380122,40,TRUE,TRUE,"Sims",10000,1952
"819",11,8,3.27408209737471,3.28908126917956,40,TRUE,TRUE,"Sims",10000,1952
"820",11,9,1.86934198145094,1.9429076195819,40,TRUE,TRUE,"Sims",10000,1952
"821",11,9,3.43163526067682,3.44414331280204,40,TRUE,TRUE,"Sims",10000,1952
"822",11,9,4.08279109201481,4.12829963611662,40,TRUE,TRUE,"Sims",10000,1952
"823",11,10,4.62904702969371,4.69653661943785,40,TRUE,TRUE,"Sims",10000,1952
"824",11,10,4.56417649399248,4.64203475544029,40,TRUE,TRUE,"Sims",10000,1952
"825",11,10,3.59865057840564,3.60643717224381,40,TRUE,TRUE,"Sims",10000,1952
"826",11,11,2.32227518244795,2.37673611439366,40,TRUE,TRUE,"Sims",10000,1952
"827",11,12,2.01059445085656,2.01960343167482,40,TRUE,TRUE,"Sims",10000,1952
"828",11,12,4.17980876379842,4.22949243274329,40,TRUE,TRUE,"Sims",10000,1952
"829",11,13,3.76573226589605,3.80134818073962,40,TRUE,TRUE,"Sims",10000,1952
"830",11,15,3.97644117400762,3.99209082869131,40,TRUE,TRUE,"Sims",10000,1952
"831",11,16,4.61517960532013,4.62751087710006,40,TRUE,TRUE,"Sims",10000,1952
"832",11,16,4.01186870881714,4.10872781813555,40,TRUE,TRUE,"Sims",10000,1952
"833",11,16,2.41440337452071,2.51888056105816,40,TRUE,TRUE,"Sims",10000,1952
"834",11,16,4.81217522210311,4.82602045371636,40,TRUE,TRUE,"Sims",10000,1952
"835",11,17,4.62423966312644,4.6242922302169,40,TRUE,TRUE,"Sims",10000,1952
"836",11,17,3.86601044314386,3.90386415677792,40,TRUE,TRUE,"Sims",10000,1952
"837",11,17,4.45078138007507,4.54919705305039,40,TRUE,TRUE,"Sims",10000,1952
"838",11,17,3.11902942651016,3.15280352138107,40,TRUE,TRUE,"Sims",10000,1952
"839",11,19,1.3158104034375,1.3950514053428,40,TRUE,TRUE,"Sims",10000,1952
"840",11,19,4.59720961254151,4.59912581944193,40,TRUE,TRUE,"Sims",10000,1952
"841",11,19,4.93852234317385,4.95113196230979,40,TRUE,TRUE,"Sims",10000,1952
"842",11,19,2.5194201492773,2.62143599836202,40,TRUE,TRUE,"Sims",10000,1952
"843",11,20,3.03997128504632,3.04177553681659,40,TRUE,TRUE,"Sims",10000,1952
"844",11,20,1.95265701433634,1.95515561113279,40,TRUE,TRUE,"Sims",10000,1952
"845",11,21,4.69385979505219,4.71030814290387,40,TRUE,TRUE,"Sims",10000,1952
"846",11,21,3.805090895517,3.91725687043883,40,TRUE,TRUE,"Sims",10000,1952
"847",11,22,3.36359074879371,3.36970086260121,40,TRUE,TRUE,"Sims",10000,1952
"848",11,22,3.97552550313478,3.99493254656123,40,TRUE,TRUE,"Sims",10000,1952
"849",11,22,2.23639009301769,2.40870708799617,40,TRUE,TRUE,"Sims",10000,1952
"850",11,22,4.37118223226208,4.42633060587124,40,TRUE,TRUE,"Sims",10000,1952
"851",11,22,3.445229573051,3.46674532569066,40,TRUE,TRUE,"Sims",10000,1952
"852",11,22,1.81330155265733,1.83679608395763,40,TRUE,TRUE,"Sims",10000,1952
"853",11,24,3.703526513535,3.7935121329463,40,TRUE,TRUE,"Sims",10000,1952
"854",11,24,4.80443437597861,4.90383312939646,40,TRUE,TRUE,"Sims",10000,1952
"855",11,24,3.17377687056134,3.17685985445891,40,TRUE,TRUE,"Sims",10000,1952
"856",11,24,3.06118320519223,3.06364755447732,40,TRUE,TRUE,"Sims",10000,1952
"857",11,25,1.86854708675878,1.97090850055568,40,TRUE,TRUE,"Sims",10000,1952
"858",11,25,3.82260974975771,3.83381045855364,40,TRUE,TRUE,"Sims",10000,1952
"859",11,25,3.12481400296886,3.15647557296625,40,TRUE,TRUE,"Sims",10000,1952
"860",11,26,1.75204928975078,1.94924679101035,40,TRUE,TRUE,"Sims",10000,1952
"861",11,26,4.15590185887949,4.16746830223131,40,TRUE,TRUE,"Sims",10000,1952
"862",11,26,2.18811838784324,2.37099935757055,40,TRUE,TRUE,"Sims",10000,1952
"863",11,27,2.81221066075948,2.81243040364897,40,TRUE,TRUE,"Sims",10000,1952
"864",11,27,4.90680697850716,5.00098821339033,40,TRUE,TRUE,"Sims",10000,1952
"865",11,27,4.51090051935468,4.51725413245748,40,TRUE,TRUE,"Sims",10000,1952
"866",11,27,2.83174420194537,2.87889970907149,40,TRUE,TRUE,"Sims",10000,1952
"867",11,27,4.37351627987147,4.46782055645513,40,TRUE,TRUE,"Sims",10000,1952
"868",11,28,3.279100010176,3.34846084947936,40,TRUE,TRUE,"Sims",10000,1952
"869",11,28,2.02265043864164,2.14781141965954,40,TRUE,TRUE,"Sims",10000,1952
"870",11,29,4.70961799352828,4.80069644018649,40,TRUE,TRUE,"Sims",10000,1952
"871",11,30,4.87459331673638,4.9066915385033,40,TRUE,TRUE,"Sims",10000,1952
"872",11,30,2.94111456766862,2.95038363020596,40,TRUE,TRUE,"Sims",10000,1952
"873",11,30,2.88027465784187,2.99297165893601,40,TRUE,TRUE,"Sims",10000,1952
"874",11,30,4.68635295368507,4.76963643457731,40,TRUE,TRUE,"Sims",10000,1952
"875",11,33,2.20800828740596,2.37725930622983,40,TRUE,TRUE,"Sims",10000,1952
"876",11,34,3.44647518294442,3.53217561061494,40,TRUE,TRUE,"Sims",10000,1952
"877",11,35,3.89312534414688,3.97118575968893,40,TRUE,TRUE,"Sims",10000,1952
"878",11,35,1.88221361692756,2.05882969317483,40,TRUE,TRUE,"Sims",10000,1952
"879",11,35,4.87369725690674,4.87463388810913,40,TRUE,TRUE,"Sims",10000,1952
"880",11,36,4.13283514703044,4.14833445646203,40,TRUE,TRUE,"Sims",10000,1952
"881",11,37,2.3505440054439,2.44635376329942,40,TRUE,TRUE,"Sims",10000,1952
"882",11,38,4.71834866333728,4.78874181706012,40,TRUE,TRUE,"Sims",10000,1952
"883",11,38,2.86155602891207,2.90644247281939,40,TRUE,TRUE,"Sims",10000,1952
"884",11,39,4.57986327097618,4.57995304869042,40,TRUE,TRUE,"Sims",10000,1952
"885",11,39,2.83092126386246,2.83595357117476,40,TRUE,TRUE,"Sims",10000,1952
"886",11,40,3.72233378431031,3.85348927800438,40,TRUE,TRUE,"Sims",10000,1952
"887",11,40,4.01896676047156,4.09146300227883,40,TRUE,TRUE,"Sims",10000,1952
"888",12,1,2.6112836941561,2.74667852371926,40,TRUE,TRUE,"Sims",10000,1952
"889",12,2,2.95487732300958,2.98374690822693,40,TRUE,TRUE,"Sims",10000,1952
"890",12,2,2.52385256248257,2.58768094241454,40,TRUE,TRUE,"Sims",10000,1952
"891",12,2,4.13453502839029,4.1797410902392,40,TRUE,TRUE,"Sims",10000,1952
"892",12,3,1.75333358531065,1.75379196562813,40,TRUE,TRUE,"Sims",10000,1952
"893",12,3,4.91824997973348,4.97813628599415,40,TRUE,TRUE,"Sims",10000,1952
"894",12,4,3.67728731014574,3.71677099937162,40,TRUE,TRUE,"Sims",10000,1952
"895",12,4,2.05006726003137,2.05244727551274,40,TRUE,TRUE,"Sims",10000,1952
"896",12,4,4.33040305813522,4.37286604861703,40,TRUE,TRUE,"Sims",10000,1952
"897",12,5,4.05158056011187,4.05553326936587,40,TRUE,TRUE,"Sims",10000,1952
"898",12,6,2.2630245929871,2.28604386051676,40,TRUE,TRUE,"Sims",10000,1952
"899",12,6,2.35306015217694,2.35546668886604,40,TRUE,TRUE,"Sims",10000,1952
"900",12,7,1.33996927039005,1.35716361395048,40,TRUE,TRUE,"Sims",10000,1952
"901",12,8,2.44060180898019,2.53671429356974,40,TRUE,TRUE,"Sims",10000,1952
"902",12,8,3.50133638264251,3.53005981864635,40,TRUE,TRUE,"Sims",10000,1952
"903",12,8,4.91461344743894,4.91480489825561,40,TRUE,TRUE,"Sims",10000,1952
"904",12,9,3.51543040255876,3.62863357249388,40,TRUE,TRUE,"Sims",10000,1952
"905",12,10,2.07468348584445,2.23202915468705,40,TRUE,TRUE,"Sims",10000,1952
"906",12,10,4.70967764900886,4.79255581804827,40,TRUE,TRUE,"Sims",10000,1952
"907",12,10,1.98474784751106,2.19212424010448,40,TRUE,TRUE,"Sims",10000,1952
"908",12,11,4.94384018218634,4.95094152663413,40,TRUE,TRUE,"Sims",10000,1952
"909",12,11,2.51085642420988,2.5555094374672,40,TRUE,TRUE,"Sims",10000,1952
"910",12,13,0.96994745650017,0.971551611001628,40,TRUE,TRUE,"Sims",10000,1952
"911",12,13,4.28430092547701,4.29758170932906,40,TRUE,TRUE,"Sims",10000,1952
"912",12,13,2.20518301012267,2.22113471477598,40,TRUE,TRUE,"Sims",10000,1952
"913",12,14,3.66900049316696,3.70168331979685,40,TRUE,TRUE,"Sims",10000,1952
"914",12,14,4.43524476757356,4.44225320866222,40,TRUE,TRUE,"Sims",10000,1952
"915",12,14,4.17459072867327,4.27166865660542,40,TRUE,TRUE,"Sims",10000,1952
"916",12,14,1.96846061549625,1.98631430237241,40,TRUE,TRUE,"Sims",10000,1952
"917",12,16,4.41489790119582,4.41525060924655,40,TRUE,TRUE,"Sims",10000,1952
"918",12,16,3.70998209678017,3.79833218915047,40,TRUE,TRUE,"Sims",10000,1952
"919",12,18,4.10703025294969,4.12892187044219,40,TRUE,TRUE,"Sims",10000,1952
"920",12,19,1.24626536405452,1.25012419562797,40,TRUE,TRUE,"Sims",10000,1952
"921",12,19,3.26975502227869,3.40755874220197,40,TRUE,TRUE,"Sims",10000,1952
"922",12,20,3.64144067442065,3.64642265251063,40,TRUE,TRUE,"Sims",10000,1952
"923",12,20,2.02080372143322,2.04191209745448,40,TRUE,TRUE,"Sims",10000,1952
"924",12,21,4.94470939339255,4.95247545672593,40,TRUE,TRUE,"Sims",10000,1952
"925",12,22,4.2300332027367,4.28079435474499,40,TRUE,TRUE,"Sims",10000,1952
"926",12,23,2.54656787263273,2.69890897198118,40,TRUE,TRUE,"Sims",10000,1952
"927",12,25,2.54665447707452,2.63384306801991,40,TRUE,TRUE,"Sims",10000,1952
"928",12,25,0.991297888256032,1.01683119569302,40,TRUE,TRUE,"Sims",10000,1952
"929",12,26,4.42511461580395,4.45330767349159,40,TRUE,TRUE,"Sims",10000,1952
"930",12,26,4.30593482727967,4.32724087562067,40,TRUE,TRUE,"Sims",10000,1952
"931",12,27,3.31189122958602,3.42149922746405,40,TRUE,TRUE,"Sims",10000,1952
"932",12,27,1.63387132679629,1.63443985546818,40,TRUE,TRUE,"Sims",10000,1952
"933",12,28,4.87125750861508,4.92127640656342,40,TRUE,TRUE,"Sims",10000,1952
"934",12,28,3.05545441345881,3.06630961194299,40,TRUE,TRUE,"Sims",10000,1952
"935",12,28,3.31557915476162,3.32200590269007,40,TRUE,TRUE,"Sims",10000,1952
"936",12,29,4.49293779280797,4.51921118563688,40,TRUE,TRUE,"Sims",10000,1952
"937",12,29,4.35599219033353,4.37323357271045,40,TRUE,TRUE,"Sims",10000,1952
"938",12,31,4.61194293470581,4.63963674679125,40,TRUE,TRUE,"Sims",10000,1952
"939",12,31,2.62779888802967,2.66172235265023,40,TRUE,TRUE,"Sims",10000,1952
"940",12,32,3.25356232719358,3.25926015589174,40,TRUE,TRUE,"Sims",10000,1952
"941",12,32,0.619663192069639,0.631500493626489,40,TRUE,TRUE,"Sims",10000,1952
"942",12,32,4.24828783790008,4.2739194769016,40,TRUE,TRUE,"Sims",10000,1952
"943",12,33,2.00398264191426,2.08766934579012,40,TRUE,TRUE,"Sims",10000,1952
"944",12,34,4.58132753230681,4.6456526320226,40,TRUE,TRUE,"Sims",10000,1952
"945",12,35,4.30449163917979,4.3415050897324,40,TRUE,TRUE,"Sims",10000,1952
"946",12,35,3.28045410660635,3.41781256206318,40,TRUE,TRUE,"Sims",10000,1952
"947",12,35,3.54475064434355,3.5576678958433,40,TRUE,TRUE,"Sims",10000,1952
"948",12,37,4.8508867094103,4.88962580081089,40,TRUE,TRUE,"Sims",10000,1952
"949",12,37,4.31374967314853,4.3324855795041,40,TRUE,TRUE,"Sims",10000,1952
"950",12,37,4.70819404331398,4.77062828806517,40,TRUE,TRUE,"Sims",10000,1952
"951",12,39,4.31285126205414,4.31316930246813,40,TRUE,TRUE,"Sims",10000,1952
"952",12,40,4.70870673557634,4.71621190945008,40,TRUE,TRUE,"Sims",10000,1952
"953",12,40,3.64664637185964,3.78003328963883,40,TRUE,TRUE,"Sims",10000,1952
"954",13,1,2.11119478592707,2.21387761435366,40,TRUE,TRUE,"Sims",10000,1952
"955",13,3,2.49986231947549,2.67373068017183,40,TRUE,TRUE,"Sims",10000,1952
"956",13,4,4.59604918970191,4.59708767887262,40,TRUE,TRUE,"Sims",10000,1952
"957",13,4,3.54643777314435,3.55114021262439,40,TRUE,TRUE,"Sims",10000,1952
"958",13,4,4.93679433969824,4.96885095890475,40,TRUE,TRUE,"Sims",10000,1952
"959",13,5,3.44907722864951,3.49439212986329,40,TRUE,TRUE,"Sims",10000,1952
"960",13,7,4.99473012610462,4.99582812530577,40,TRUE,TRUE,"Sims",10000,1952
"961",13,7,1.01175261729258,1.0585601326624,40,TRUE,TRUE,"Sims",10000,1952
"962",13,8,3.7212377150794,3.72549404022857,40,TRUE,TRUE,"Sims",10000,1952
"963",13,9,3.19558405526209,3.22936410495966,40,TRUE,TRUE,"Sims",10000,1952
"964",13,9,4.27689646026333,4.3048209577236,40,TRUE,TRUE,"Sims",10000,1952
"965",13,9,4.76870582261729,4.77109498339791,40,TRUE,TRUE,"Sims",10000,1952
"966",13,10,4.82227091878967,4.83077188890783,40,TRUE,TRUE,"Sims",10000,1952
"967",13,11,4.06556776318423,4.09971549423461,40,TRUE,TRUE,"Sims",10000,1952
"968",13,11,1.69225382240649,1.70759339057012,40,TRUE,TRUE,"Sims",10000,1952
"969",13,11,4.6537974177632,4.69218024698954,40,TRUE,TRUE,"Sims",10000,1952
"970",13,11,3.85469570866868,3.88130976845617,40,TRUE,TRUE,"Sims",10000,1952
"971",13,11,4.24299001097172,4.24550074681084,40,TRUE,TRUE,"Sims",10000,1952
"972",13,12,2.23654281437338,2.27984551936527,40,TRUE,TRUE,"Sims",10000,1952
"973",13,12,2.98000647478506,3.09525148480286,40,TRUE,TRUE,"Sims",10000,1952
"974",13,13,2.88827209704329,2.90008267234393,40,TRUE,TRUE,"Sims",10000,1952
"975",13,13,3.55906129433505,3.56396484846212,40,TRUE,TRUE,"Sims",10000,1952
"976",13,13,3.37528918170843,3.37936928788209,40,TRUE,TRUE,"Sims",10000,1952
"977",13,13,2.42893820665449,2.54896053010498,40,TRUE,TRUE,"Sims",10000,1952
"978",13,14,2.79601136715541,2.80734598345975,40,TRUE,TRUE,"Sims",10000,1952
"979",13,14,2.47757712058976,2.51160910136034,40,TRUE,TRUE,"Sims",10000,1952
"980",13,15,3.0921873170867,3.09664045825061,40,TRUE,TRUE,"Sims",10000,1952
"981",13,15,4.82233173939824,4.896522448348,40,TRUE,TRUE,"Sims",10000,1952
"982",13,16,4.64178263431774,4.64791502306135,40,TRUE,TRUE,"Sims",10000,1952
"983",13,16,3.91956814919735,3.9557691671996,40,TRUE,TRUE,"Sims",10000,1952
"984",13,17,4.76098529852069,4.8270993870127,40,TRUE,TRUE,"Sims",10000,1952
"985",13,17,3.32837239023509,3.36611369704977,40,TRUE,TRUE,"Sims",10000,1952
"986",13,18,4.63956043416318,4.68367160455461,40,TRUE,TRUE,"Sims",10000,1952
"987",13,18,1.76425873465265,1.84695250488323,40,TRUE,TRUE,"Sims",10000,1952
"988",13,19,4.24000092848314,4.29444207323599,40,TRUE,TRUE,"Sims",10000,1952
"989",13,19,4.24745434023585,4.36259112011577,40,TRUE,TRUE,"Sims",10000,1952
"990",13,20,0.871980141918621,0.907619492657272,40,TRUE,TRUE,"Sims",10000,1952
"991",13,20,4.43280719846062,4.44508045414551,40,TRUE,TRUE,"Sims",10000,1952
"992",13,20,1.74546865717953,1.78578997824871,40,TRUE,TRUE,"Sims",10000,1952
"993",13,22,3.95416261833684,4.00070411855593,40,TRUE,TRUE,"Sims",10000,1952
"994",13,22,4.947068844821,5.0216341943322,40,TRUE,TRUE,"Sims",10000,1952
"995",13,23,3.69815603777824,3.73003570678241,40,TRUE,TRUE,"Sims",10000,1952
"996",13,23,1.95917431616236,2.08064473690888,40,TRUE,TRUE,"Sims",10000,1952
"997",13,23,2.66192682420592,2.66200407541557,40,TRUE,TRUE,"Sims",10000,1952
"998",13,24,2.25273072148802,2.28736726596266,40,TRUE,TRUE,"Sims",10000,1952
"999",13,24,4.27000671798254,4.28377649663601,40,TRUE,TRUE,"Sims",10000,1952
"1000",13,25,3.79907993278634,3.79944522733956,40,TRUE,TRUE,"Sims",10000,1952
"1001",13,25,4.00864026903071,4.05565165234287,40,TRUE,TRUE,"Sims",10000,1952
"1002",13,26,4.62133157229156,4.6894149934109,40,TRUE,TRUE,"Sims",10000,1952
"1003",13,26,3.55428972996738,3.62288572440801,40,TRUE,TRUE,"Sims",10000,1952
"1004",13,27,4.34051072812385,4.34051665394683,40,TRUE,TRUE,"Sims",10000,1952
"1005",13,27,3.31997949749543,3.39313174114063,40,TRUE,TRUE,"Sims",10000,1952
"1006",13,27,3.74942733282101,3.85765954064279,40,TRUE,TRUE,"Sims",10000,1952
"1007",13,27,4.54745869879008,4.57342201325415,40,TRUE,TRUE,"Sims",10000,1952
"1008",13,30,3.06765879158592,3.06779410628479,40,TRUE,TRUE,"Sims",10000,1952
"1009",13,30,4.76427552780874,4.85255969186461,40,TRUE,TRUE,"Sims",10000,1952
"1010",13,31,3.96307511858228,3.96425530180361,40,TRUE,TRUE,"Sims",10000,1952
"1011",13,31,3.87647959023942,3.8933428351112,40,TRUE,TRUE,"Sims",10000,1952
"1012",13,31,3.7380610028254,3.82716964139937,40,TRUE,TRUE,"Sims",10000,1952
"1013",13,33,4.43851070375134,4.47759087761637,40,TRUE,TRUE,"Sims",10000,1952
"1014",13,33,3.56290203962508,3.62079826943858,40,TRUE,TRUE,"Sims",10000,1952
"1015",13,33,4.24140715853301,4.30697205726578,40,TRUE,TRUE,"Sims",10000,1952
"1016",13,34,2.82051960002729,2.86532868932195,40,TRUE,TRUE,"Sims",10000,1952
"1017",13,35,2.90864705647099,2.95409610995939,40,TRUE,TRUE,"Sims",10000,1952
"1018",13,36,3.47784250016716,3.52446940098684,40,TRUE,TRUE,"Sims",10000,1952
"1019",13,36,4.16710664808058,4.1767223033353,40,TRUE,TRUE,"Sims",10000,1952
"1020",13,36,2.18574419289517,2.36660294180964,40,TRUE,TRUE,"Sims",10000,1952
"1021",13,36,4.75172198480869,4.78424994113142,40,TRUE,TRUE,"Sims",10000,1952
"1022",13,36,2.42839146068139,2.58349717269386,40,TRUE,TRUE,"Sims",10000,1952
"1023",13,37,4.59923837465626,4.63866200694616,40,TRUE,TRUE,"Sims",10000,1952
"1024",13,38,2.66482722983592,2.78661142463333,40,TRUE,TRUE,"Sims",10000,1952
"1025",13,38,4.71839467435015,4.77678094787228,40,TRUE,TRUE,"Sims",10000,1952
"1026",13,39,3.50498168382346,3.54171462625069,40,TRUE,TRUE,"Sims",10000,1952
